locuteur,ind,proba_nasal,tDebut,tFin,duree,filename
PTSVOX_SJ063_F_session1_mic_S_1-16_278.4_282.4,16,0.9999981351044198,0,0.05,0.05,PTSVOX_SJ063_F_session1_mic_S_1-16_278.4_282.4-1_0_0.05_0.05.wav
PTSVOX_SJ063_F_session1_mic_S_1-16_278.4_282.4,16,0.9998159130627755,0.01,0.060000000000000005,0.05,PTSVOX_SJ063_F_session1_mic_S_1-16_278.4_282.4-2_0.01_0.060000000000000005_0.05.wav
PTSVOX_SJ063_F_session1_mic_S_1-16_278.4_282.4,16,0.9999919828769634,0.02,0.07,0.05,PTSVOX_SJ063_F_session1_mic_S_1-16_278.4_282.4-3_0.02_0.07_0.05.wav
PTSVOX_SJ063_F_session1_mic_S_1-16_278.4_282.4,16,0.9999934109746391,0.03,0.08,0.05,PTSVOX_SJ063_F_session1_mic_S_1-16_278.4_282.4-4_0.03_0.08_0.05.wav
PTSVOX_SJ063_F_session1_mic_S_1-16_278.4_282.4,16,0.9986812918214127,0.04,0.09,0.049999999999999996,PTSVOX_SJ063_F_session1_mic_S_1-16_278.4_282.4-5_0.04_0.09_0.049999999999999996.wav
PTSVOX_SJ063_F_session1_mic_S_1-16_278.4_282.4,16,0.9794624857604504,0.05,0.09999999999999999,0.04999999999999999,PTSVOX_SJ063_F_session1_mic_S_1-16_278.4_282.4-6_0.05_0.09999999999999999_0.04999999999999999.wav
PTSVOX_SJ063_F_session1_mic_S_1-16_278.4_282.4,16,0.998576486366801,0.060000000000000005,0.10999999999999999,0.04999999999999998,PTSVOX_SJ063_F_session1_mic_S_1-16_278.4_282.4-7_0.060000000000000005_0.10999999999999999_0.04999999999999998.wav
PTSVOX_SJ063_F_session1_mic_S_1-16_278.4_282.4,16,0.9999334697567974,0.07,0.11999999999999998,0.049999999999999975,PTSVOX_SJ063_F_session1_mic_S_1-16_278.4_282.4-8_0.07_0.11999999999999998_0.049999999999999975.wav
PTSVOX_SJ063_F_session1_mic_S_1-16_278.4_282.4,16,0.5868216156959534,0.08,0.12999999999999998,0.049999999999999975,PTSVOX_SJ063_F_session1_mic_S_1-16_278.4_282.4-9_0.08_0.12999999999999998_0.049999999999999975.wav
PTSVOX_SJ063_F_session1_mic_S_1-16_278.4_282.4,16,3.5762786865234375e-06,0.09,0.13999999999999999,0.04999999999999999,PTSVOX_SJ063_F_session1_mic_S_1-16_278.4_282.4-10_0.09_0.13999999999999999_0.04999999999999999.wav
PTSVOX_SJ063_F_session1_mic_S_1-16_278.4_282.4,16,0.0,0.09999999999999999,0.15,0.05,PTSVOX_SJ063_F_session1_mic_S_1-16_278.4_282.4-11_0.09999999999999999_0.15_0.05.wav
PTSVOX_SJ063_F_session1_mic_S_1-16_278.4_282.4,16,6.079673767089844e-06,0.10999999999999999,0.16,0.05000000000000002,PTSVOX_SJ063_F_session1_mic_S_1-16_278.4_282.4-12_0.10999999999999999_0.16_0.05000000000000002.wav
PTSVOX_SJ063_F_session1_mic_S_1-16_278.4_282.4,16,0.9538014344871044,0.11999999999999998,0.17,0.05000000000000003,PTSVOX_SJ063_F_session1_mic_S_1-16_278.4_282.4-13_0.11999999999999998_0.17_0.05000000000000003.wav
PTSVOX_SJ063_F_session1_mic_S_1-16_278.4_282.4,16,0.7489517033100128,0.12999999999999998,0.18000000000000002,0.050000000000000044,PTSVOX_SJ063_F_session1_mic_S_1-16_278.4_282.4-14_0.12999999999999998_0.18000000000000002_0.050000000000000044.wav
PTSVOX_SJ063_F_session1_mic_S_1-16_278.4_282.4,16,0.1816481351852417,0.13999999999999999,0.19000000000000003,0.050000000000000044,PTSVOX_SJ063_F_session1_mic_S_1-16_278.4_282.4-15_0.13999999999999999_0.19000000000000003_0.050000000000000044.wav
PTSVOX_SJ063_F_session1_mic_S_1-16_278.4_282.4,16,0.01850646734237671,0.15,0.20000000000000004,0.050000000000000044,PTSVOX_SJ063_F_session1_mic_S_1-16_278.4_282.4-16_0.15_0.20000000000000004_0.050000000000000044.wav
PTSVOX_SJ063_F_session1_mic_S_1-16_278.4_282.4,16,0.005219936370849609,0.16,0.21000000000000005,0.050000000000000044,PTSVOX_SJ063_F_session1_mic_S_1-16_278.4_282.4-17_0.16_0.21000000000000005_0.050000000000000044.wav
PTSVOX_SJ063_F_session1_mic_S_1-16_278.4_282.4,16,0.00044089555740356445,0.17,0.22000000000000006,0.050000000000000044,PTSVOX_SJ063_F_session1_mic_S_1-16_278.4_282.4-18_0.17_0.22000000000000006_0.050000000000000044.wav
PTSVOX_SJ063_F_session1_mic_S_1-16_278.4_282.4,16,0.2824186682701111,0.18000000000000002,0.23000000000000007,0.050000000000000044,PTSVOX_SJ063_F_session1_mic_S_1-16_278.4_282.4-19_0.18000000000000002_0.23000000000000007_0.050000000000000044.wav
PTSVOX_SJ063_F_session1_mic_S_1-16_278.4_282.4,16,0.9998232578800526,0.19000000000000003,0.24000000000000007,0.050000000000000044,PTSVOX_SJ063_F_session1_mic_S_1-16_278.4_282.4-20_0.19000000000000003_0.24000000000000007_0.050000000000000044.wav
PTSVOX_SJ063_F_session1_mic_S_1-16_278.4_282.4,16,0.9999045949880383,0.20000000000000004,0.25000000000000006,0.05000000000000002,PTSVOX_SJ063_F_session1_mic_S_1-16_278.4_282.4-21_0.20000000000000004_0.25000000000000006_0.05000000000000002.wav
PTSVOX_SJ063_F_session1_mic_S_1-16_278.4_282.4,16,0.9988498026505113,0.21000000000000005,0.26000000000000006,0.05000000000000002,PTSVOX_SJ063_F_session1_mic_S_1-16_278.4_282.4-22_0.21000000000000005_0.26000000000000006_0.05000000000000002.wav
PTSVOX_SJ063_F_session1_mic_S_1-16_278.4_282.4,16,0.9556531831622124,0.22000000000000006,0.2700000000000001,0.05000000000000002,PTSVOX_SJ063_F_session1_mic_S_1-16_278.4_282.4-23_0.22000000000000006_0.2700000000000001_0.05000000000000002.wav
PTSVOX_SJ063_F_session1_mic_S_1-16_278.4_282.4,16,0.9993179211160168,0.23000000000000007,0.2800000000000001,0.05000000000000002,PTSVOX_SJ063_F_session1_mic_S_1-16_278.4_282.4-24_0.23000000000000007_0.2800000000000001_0.05000000000000002.wav
PTSVOX_SJ063_F_session1_mic_S_1-16_278.4_282.4,16,0.6353081166744232,0.24000000000000007,0.2900000000000001,0.05000000000000002,PTSVOX_SJ063_F_session1_mic_S_1-16_278.4_282.4-25_0.24000000000000007_0.2900000000000001_0.05000000000000002.wav
PTSVOX_SJ063_F_session1_mic_S_1-16_278.4_282.4,16,0.035705506801605225,0.25000000000000006,0.3000000000000001,0.050000000000000044,PTSVOX_SJ063_F_session1_mic_S_1-16_278.4_282.4-26_0.25000000000000006_0.3000000000000001_0.050000000000000044.wav
PTSVOX_SJ063_F_session1_mic_S_1-16_278.4_282.4,16,0.0022794604301452637,0.26000000000000006,0.3100000000000001,0.050000000000000044,PTSVOX_SJ063_F_session1_mic_S_1-16_278.4_282.4-27_0.26000000000000006_0.3100000000000001_0.050000000000000044.wav
PTSVOX_SJ063_F_session1_mic_S_1-16_278.4_282.4,16,5.960464477539063e-08,0.2700000000000001,0.3200000000000001,0.050000000000000044,PTSVOX_SJ063_F_session1_mic_S_1-16_278.4_282.4-28_0.2700000000000001_0.3200000000000001_0.050000000000000044.wav
PTSVOX_SJ063_F_session1_mic_S_1-16_278.4_282.4,16,0.0,0.2800000000000001,0.3300000000000001,0.050000000000000044,PTSVOX_SJ063_F_session1_mic_S_1-16_278.4_282.4-29_0.2800000000000001_0.3300000000000001_0.050000000000000044.wav
PTSVOX_SJ063_F_session1_mic_S_1-16_278.4_282.4,16,0.0,0.2900000000000001,0.34000000000000014,0.050000000000000044,PTSVOX_SJ063_F_session1_mic_S_1-16_278.4_282.4-30_0.2900000000000001_0.34000000000000014_0.050000000000000044.wav
PTSVOX_SJ063_F_session1_mic_S_1-16_278.4_282.4,16,2.6345252990722656e-05,0.3000000000000001,0.35000000000000014,0.050000000000000044,PTSVOX_SJ063_F_session1_mic_S_1-16_278.4_282.4-31_0.3000000000000001_0.35000000000000014_0.050000000000000044.wav
PTSVOX_SJ063_F_session1_mic_S_1-16_278.4_282.4,16,0.00015038251876831055,0.3100000000000001,0.36000000000000015,0.050000000000000044,PTSVOX_SJ063_F_session1_mic_S_1-16_278.4_282.4-32_0.3100000000000001_0.36000000000000015_0.050000000000000044.wav
PTSVOX_SJ063_F_session1_mic_S_1-16_278.4_282.4,16,0.0001869797706604004,0.3200000000000001,0.37000000000000016,0.050000000000000044,PTSVOX_SJ063_F_session1_mic_S_1-16_278.4_282.4-33_0.3200000000000001_0.37000000000000016_0.050000000000000044.wav
PTSVOX_SJ063_F_session1_mic_S_1-16_278.4_282.4,16,0.16451811790466309,0.3300000000000001,0.38000000000000017,0.050000000000000044,PTSVOX_SJ063_F_session1_mic_S_1-16_278.4_282.4-34_0.3300000000000001_0.38000000000000017_0.050000000000000044.wav
PTSVOX_SJ063_F_session1_mic_S_1-16_278.4_282.4,16,0.8971621245145798,0.34000000000000014,0.3900000000000002,0.050000000000000044,PTSVOX_SJ063_F_session1_mic_S_1-16_278.4_282.4-35_0.34000000000000014_0.3900000000000002_0.050000000000000044.wav
PTSVOX_SJ063_F_session1_mic_S_1-16_278.4_282.4,16,0.569320023059845,0.35000000000000014,0.4000000000000002,0.050000000000000044,PTSVOX_SJ063_F_session1_mic_S_1-16_278.4_282.4-36_0.35000000000000014_0.4000000000000002_0.050000000000000044.wav
PTSVOX_SJ063_F_session1_mic_S_1-16_278.4_282.4,16,0.5408813655376434,0.36000000000000015,0.4100000000000002,0.050000000000000044,PTSVOX_SJ063_F_session1_mic_S_1-16_278.4_282.4-37_0.36000000000000015_0.4100000000000002_0.050000000000000044.wav
PTSVOX_SJ063_F_session1_mic_S_1-16_278.4_282.4,16,0.10794007778167725,0.37000000000000016,0.4200000000000002,0.050000000000000044,PTSVOX_SJ063_F_session1_mic_S_1-16_278.4_282.4-38_0.37000000000000016_0.4200000000000002_0.050000000000000044.wav
PTSVOX_SJ063_F_session1_mic_S_1-16_278.4_282.4,16,0.22686368227005005,0.38000000000000017,0.4300000000000002,0.050000000000000044,PTSVOX_SJ063_F_session1_mic_S_1-16_278.4_282.4-39_0.38000000000000017_0.4300000000000002_0.050000000000000044.wav
PTSVOX_SJ063_F_session1_mic_S_1-16_278.4_282.4,16,0.002454519271850586,0.3900000000000002,0.4400000000000002,0.050000000000000044,PTSVOX_SJ063_F_session1_mic_S_1-16_278.4_282.4-40_0.3900000000000002_0.4400000000000002_0.050000000000000044.wav
PTSVOX_SJ063_F_session1_mic_S_1-16_278.4_282.4,16,0.0,0.4000000000000002,0.45000000000000023,0.050000000000000044,PTSVOX_SJ063_F_session1_mic_S_1-16_278.4_282.4-41_0.4000000000000002_0.45000000000000023_0.050000000000000044.wav
PTSVOX_SJ063_F_session1_mic_S_1-16_278.4_282.4,16,0.0,0.4100000000000002,0.46000000000000024,0.050000000000000044,PTSVOX_SJ063_F_session1_mic_S_1-16_278.4_282.4-42_0.4100000000000002_0.46000000000000024_0.050000000000000044.wav
PTSVOX_SJ063_F_session1_mic_S_1-16_278.4_282.4,16,0.0,0.4200000000000002,0.47000000000000025,0.050000000000000044,PTSVOX_SJ063_F_session1_mic_S_1-16_278.4_282.4-43_0.4200000000000002_0.47000000000000025_0.050000000000000044.wav
PTSVOX_SJ063_F_session1_mic_S_1-16_278.4_282.4,16,0.0,0.4300000000000002,0.48000000000000026,0.050000000000000044,PTSVOX_SJ063_F_session1_mic_S_1-16_278.4_282.4-44_0.4300000000000002_0.48000000000000026_0.050000000000000044.wav
PTSVOX_SJ063_F_session1_mic_S_1-16_278.4_282.4,16,5.364418029785156e-05,0.4400000000000002,0.49000000000000027,0.050000000000000044,PTSVOX_SJ063_F_session1_mic_S_1-16_278.4_282.4-45_0.4400000000000002_0.49000000000000027_0.050000000000000044.wav
PTSVOX_SJ063_F_session1_mic_S_1-16_278.4_282.4,16,0.9748263917863369,0.45000000000000023,0.5000000000000002,0.04999999999999999,PTSVOX_SJ063_F_session1_mic_S_1-16_278.4_282.4-46_0.45000000000000023_0.5000000000000002_0.04999999999999999.wav
PTSVOX_SJ063_F_session1_mic_S_1-16_278.4_282.4,16,0.0354231595993042,0.46000000000000024,0.5100000000000002,0.04999999999999999,PTSVOX_SJ063_F_session1_mic_S_1-16_278.4_282.4-47_0.46000000000000024_0.5100000000000002_0.04999999999999999.wav
PTSVOX_SJ063_F_session1_mic_S_1-16_278.4_282.4,16,0.8532348573207855,0.47000000000000025,0.5200000000000002,0.04999999999999999,PTSVOX_SJ063_F_session1_mic_S_1-16_278.4_282.4-48_0.47000000000000025_0.5200000000000002_0.04999999999999999.wav
PTSVOX_SJ063_F_session1_mic_S_1-16_278.4_282.4,16,0.010767221450805664,0.48000000000000026,0.5300000000000002,0.04999999999999999,PTSVOX_SJ063_F_session1_mic_S_1-16_278.4_282.4-49_0.48000000000000026_0.5300000000000002_0.04999999999999999.wav
PTSVOX_SJ063_F_session1_mic_S_1-16_278.4_282.4,16,4.649162292480469e-06,0.49000000000000027,0.5400000000000003,0.04999999999999999,PTSVOX_SJ063_F_session1_mic_S_1-16_278.4_282.4-50_0.49000000000000027_0.5400000000000003_0.04999999999999999.wav
PTSVOX_SJ063_F_session1_mic_S_1-16_278.4_282.4,16,2.682209014892578e-06,0.5000000000000002,0.5500000000000003,0.050000000000000044,PTSVOX_SJ063_F_session1_mic_S_1-16_278.4_282.4-51_0.5000000000000002_0.5500000000000003_0.050000000000000044.wav
PTSVOX_SJ063_F_session1_mic_S_1-16_278.4_282.4,16,5.960464477539063e-08,0.5100000000000002,0.5600000000000003,0.050000000000000044,PTSVOX_SJ063_F_session1_mic_S_1-16_278.4_282.4-52_0.5100000000000002_0.5600000000000003_0.050000000000000044.wav
PTSVOX_SJ063_F_session1_mic_S_1-16_278.4_282.4,16,0.00027501583099365234,0.5200000000000002,0.5700000000000003,0.050000000000000044,PTSVOX_SJ063_F_session1_mic_S_1-16_278.4_282.4-53_0.5200000000000002_0.5700000000000003_0.050000000000000044.wav
PTSVOX_SJ063_F_session1_mic_S_1-16_278.4_282.4,16,0.0,0.5300000000000002,0.5800000000000003,0.050000000000000044,PTSVOX_SJ063_F_session1_mic_S_1-16_278.4_282.4-54_0.5300000000000002_0.5800000000000003_0.050000000000000044.wav
PTSVOX_SJ063_F_session1_mic_S_1-16_278.4_282.4,16,0.0,0.5400000000000003,0.5900000000000003,0.050000000000000044,PTSVOX_SJ063_F_session1_mic_S_1-16_278.4_282.4-55_0.5400000000000003_0.5900000000000003_0.050000000000000044.wav
PTSVOX_SJ063_F_session1_mic_S_1-16_278.4_282.4,16,0.0,0.5500000000000003,0.6000000000000003,0.050000000000000044,PTSVOX_SJ063_F_session1_mic_S_1-16_278.4_282.4-56_0.5500000000000003_0.6000000000000003_0.050000000000000044.wav
PTSVOX_SJ063_F_session1_mic_S_1-16_278.4_282.4,16,9.5367431640625e-07,0.5600000000000003,0.6100000000000003,0.050000000000000044,PTSVOX_SJ063_F_session1_mic_S_1-16_278.4_282.4-57_0.5600000000000003_0.6100000000000003_0.050000000000000044.wav
PTSVOX_SJ063_F_session1_mic_S_1-16_278.4_282.4,16,1.8477439880371094e-05,0.5700000000000003,0.6200000000000003,0.050000000000000044,PTSVOX_SJ063_F_session1_mic_S_1-16_278.4_282.4-58_0.5700000000000003_0.6200000000000003_0.050000000000000044.wav
PTSVOX_SJ063_F_session1_mic_S_1-16_278.4_282.4,16,0.06253904104232788,0.5800000000000003,0.6300000000000003,0.050000000000000044,PTSVOX_SJ063_F_session1_mic_S_1-16_278.4_282.4-59_0.5800000000000003_0.6300000000000003_0.050000000000000044.wav
PTSVOX_SJ063_F_session1_mic_S_1-16_278.4_282.4,16,0.006179690361022949,0.5900000000000003,0.6400000000000003,0.050000000000000044,PTSVOX_SJ063_F_session1_mic_S_1-16_278.4_282.4-60_0.5900000000000003_0.6400000000000003_0.050000000000000044.wav
PTSVOX_SJ063_F_session1_mic_S_1-16_278.4_282.4,16,0.06173521280288696,0.6000000000000003,0.6500000000000004,0.050000000000000044,PTSVOX_SJ063_F_session1_mic_S_1-16_278.4_282.4-61_0.6000000000000003_0.6500000000000004_0.050000000000000044.wav
PTSVOX_SJ063_F_session1_mic_S_1-16_278.4_282.4,16,0.0025066137313842773,0.6100000000000003,0.6600000000000004,0.050000000000000044,PTSVOX_SJ063_F_session1_mic_S_1-16_278.4_282.4-62_0.6100000000000003_0.6600000000000004_0.050000000000000044.wav
PTSVOX_SJ063_F_session1_mic_S_1-16_278.4_282.4,16,0.019904255867004395,0.6200000000000003,0.6700000000000004,0.050000000000000044,PTSVOX_SJ063_F_session1_mic_S_1-16_278.4_282.4-63_0.6200000000000003_0.6700000000000004_0.050000000000000044.wav
PTSVOX_SJ063_F_session1_mic_S_1-16_278.4_282.4,16,0.0007437467575073242,0.6300000000000003,0.6800000000000004,0.050000000000000044,PTSVOX_SJ063_F_session1_mic_S_1-16_278.4_282.4-64_0.6300000000000003_0.6800000000000004_0.050000000000000044.wav
PTSVOX_SJ063_F_session1_mic_S_1-16_278.4_282.4,16,0.0030747056007385254,0.6400000000000003,0.6900000000000004,0.050000000000000044,PTSVOX_SJ063_F_session1_mic_S_1-16_278.4_282.4-65_0.6400000000000003_0.6900000000000004_0.050000000000000044.wav
PTSVOX_SJ063_F_session1_mic_S_1-16_278.4_282.4,16,0.010759890079498291,0.6500000000000004,0.7000000000000004,0.050000000000000044,PTSVOX_SJ063_F_session1_mic_S_1-16_278.4_282.4-66_0.6500000000000004_0.7000000000000004_0.050000000000000044.wav
PTSVOX_SJ063_F_session1_mic_S_1-16_278.4_282.4,16,8.344650268554688e-07,0.6600000000000004,0.7100000000000004,0.050000000000000044,PTSVOX_SJ063_F_session1_mic_S_1-16_278.4_282.4-67_0.6600000000000004_0.7100000000000004_0.050000000000000044.wav
PTSVOX_SJ063_F_session1_mic_S_1-16_278.4_282.4,16,0.0002790093421936035,0.6700000000000004,0.7200000000000004,0.050000000000000044,PTSVOX_SJ063_F_session1_mic_S_1-16_278.4_282.4-68_0.6700000000000004_0.7200000000000004_0.050000000000000044.wav
PTSVOX_SJ063_F_session1_mic_S_1-16_278.4_282.4,16,2.205371856689453e-06,0.6800000000000004,0.7300000000000004,0.050000000000000044,PTSVOX_SJ063_F_session1_mic_S_1-16_278.4_282.4-69_0.6800000000000004_0.7300000000000004_0.050000000000000044.wav
PTSVOX_SJ063_F_session1_mic_S_1-16_278.4_282.4,16,0.0016556978225708008,0.6900000000000004,0.7400000000000004,0.050000000000000044,PTSVOX_SJ063_F_session1_mic_S_1-16_278.4_282.4-70_0.6900000000000004_0.7400000000000004_0.050000000000000044.wav
PTSVOX_SJ063_F_session1_mic_S_1-16_278.4_282.4,16,0.0008615851402282715,0.7000000000000004,0.7500000000000004,0.050000000000000044,PTSVOX_SJ063_F_session1_mic_S_1-16_278.4_282.4-71_0.7000000000000004_0.7500000000000004_0.050000000000000044.wav
PTSVOX_SJ063_F_session1_mic_S_1-16_278.4_282.4,16,0.052599430084228516,0.7100000000000004,0.7600000000000005,0.050000000000000044,PTSVOX_SJ063_F_session1_mic_S_1-16_278.4_282.4-72_0.7100000000000004_0.7600000000000005_0.050000000000000044.wav
PTSVOX_SJ063_F_session1_mic_S_1-16_278.4_282.4,16,0.17609024047851562,0.7200000000000004,0.7700000000000005,0.050000000000000044,PTSVOX_SJ063_F_session1_mic_S_1-16_278.4_282.4-73_0.7200000000000004_0.7700000000000005_0.050000000000000044.wav
PTSVOX_SJ063_F_session1_mic_S_1-16_278.4_282.4,16,0.9823292680084705,0.7300000000000004,0.7800000000000005,0.050000000000000044,PTSVOX_SJ063_F_session1_mic_S_1-16_278.4_282.4-74_0.7300000000000004_0.7800000000000005_0.050000000000000044.wav
PTSVOX_SJ063_F_session1_mic_S_1-16_278.4_282.4,16,0.999990864238498,0.7400000000000004,0.7900000000000005,0.050000000000000044,PTSVOX_SJ063_F_session1_mic_S_1-16_278.4_282.4-75_0.7400000000000004_0.7900000000000005_0.050000000000000044.wav
PTSVOX_SJ063_F_session1_mic_S_1-16_278.4_282.4,16,0.993817106820643,0.7500000000000004,0.8000000000000005,0.050000000000000044,PTSVOX_SJ063_F_session1_mic_S_1-16_278.4_282.4-76_0.7500000000000004_0.8000000000000005_0.050000000000000044.wav
PTSVOX_SJ063_F_session1_mic_S_1-16_278.4_282.4,16,0.999629285390256,0.7600000000000005,0.8100000000000005,0.050000000000000044,PTSVOX_SJ063_F_session1_mic_S_1-16_278.4_282.4-77_0.7600000000000005_0.8100000000000005_0.050000000000000044.wav
PTSVOX_SJ063_F_session1_mic_S_1-16_278.4_282.4,16,0.9991990849957801,0.7700000000000005,0.8200000000000005,0.050000000000000044,PTSVOX_SJ063_F_session1_mic_S_1-16_278.4_282.4-78_0.7700000000000005_0.8200000000000005_0.050000000000000044.wav
PTSVOX_SJ063_F_session1_mic_S_1-16_278.4_282.4,16,0.9978918987326324,0.7800000000000005,0.8300000000000005,0.050000000000000044,PTSVOX_SJ063_F_session1_mic_S_1-16_278.4_282.4-79_0.7800000000000005_0.8300000000000005_0.050000000000000044.wav
PTSVOX_SJ063_F_session1_mic_S_1-16_278.4_282.4,16,0.998031324474141,0.7900000000000005,0.8400000000000005,0.050000000000000044,PTSVOX_SJ063_F_session1_mic_S_1-16_278.4_282.4-80_0.7900000000000005_0.8400000000000005_0.050000000000000044.wav
PTSVOX_SJ063_F_session1_mic_S_1-16_278.4_282.4,16,0.4908710718154907,0.8000000000000005,0.8500000000000005,0.050000000000000044,PTSVOX_SJ063_F_session1_mic_S_1-16_278.4_282.4-81_0.8000000000000005_0.8500000000000005_0.050000000000000044.wav
PTSVOX_SJ063_F_session1_mic_S_1-16_278.4_282.4,16,0.016205191612243652,0.8100000000000005,0.8600000000000005,0.050000000000000044,PTSVOX_SJ063_F_session1_mic_S_1-16_278.4_282.4-82_0.8100000000000005_0.8600000000000005_0.050000000000000044.wav
PTSVOX_SJ063_F_session1_mic_S_1-16_278.4_282.4,16,0.7628851234912872,0.8200000000000005,0.8700000000000006,0.050000000000000044,PTSVOX_SJ063_F_session1_mic_S_1-16_278.4_282.4-83_0.8200000000000005_0.8700000000000006_0.050000000000000044.wav
PTSVOX_SJ063_F_session1_mic_S_1-16_278.4_282.4,16,0.31921064853668213,0.8300000000000005,0.8800000000000006,0.050000000000000044,PTSVOX_SJ063_F_session1_mic_S_1-16_278.4_282.4-84_0.8300000000000005_0.8800000000000006_0.050000000000000044.wav
PTSVOX_SJ063_F_session1_mic_S_1-16_278.4_282.4,16,0.04751616716384888,0.8400000000000005,0.8900000000000006,0.050000000000000044,PTSVOX_SJ063_F_session1_mic_S_1-16_278.4_282.4-85_0.8400000000000005_0.8900000000000006_0.050000000000000044.wav
PTSVOX_SJ063_F_session1_mic_S_1-16_278.4_282.4,16,0.949383869767189,0.8500000000000005,0.9000000000000006,0.050000000000000044,PTSVOX_SJ063_F_session1_mic_S_1-16_278.4_282.4-86_0.8500000000000005_0.9000000000000006_0.050000000000000044.wav
PTSVOX_SJ063_F_session1_mic_S_1-16_278.4_282.4,16,0.9999991174257161,0.8600000000000005,0.9100000000000006,0.050000000000000044,PTSVOX_SJ063_F_session1_mic_S_1-16_278.4_282.4-87_0.8600000000000005_0.9100000000000006_0.050000000000000044.wav
PTSVOX_SJ063_F_session1_mic_S_1-16_278.4_282.4,16,0.9998094858601689,0.8700000000000006,0.9200000000000006,0.050000000000000044,PTSVOX_SJ063_F_session1_mic_S_1-16_278.4_282.4-88_0.8700000000000006_0.9200000000000006_0.050000000000000044.wav
PTSVOX_SJ063_F_session1_mic_S_1-16_278.4_282.4,16,0.9999942826339066,0.8800000000000006,0.9300000000000006,0.050000000000000044,PTSVOX_SJ063_F_session1_mic_S_1-16_278.4_282.4-89_0.8800000000000006_0.9300000000000006_0.050000000000000044.wav
PTSVOX_SJ063_F_session1_mic_S_1-16_278.4_282.4,16,0.9999999327186941,0.8900000000000006,0.9400000000000006,0.050000000000000044,PTSVOX_SJ063_F_session1_mic_S_1-16_278.4_282.4-90_0.8900000000000006_0.9400000000000006_0.050000000000000044.wav
PTSVOX_SJ063_F_session1_mic_S_1-16_278.4_282.4,16,0.9998060771758901,0.9000000000000006,0.9500000000000006,0.050000000000000044,PTSVOX_SJ063_F_session1_mic_S_1-16_278.4_282.4-91_0.9000000000000006_0.9500000000000006_0.050000000000000044.wav
PTSVOX_SJ063_F_session1_mic_S_1-16_278.4_282.4,16,0.999983798719768,0.9100000000000006,0.9600000000000006,0.050000000000000044,PTSVOX_SJ063_F_session1_mic_S_1-16_278.4_282.4-92_0.9100000000000006_0.9600000000000006_0.050000000000000044.wav
PTSVOX_SJ063_F_session1_mic_S_1-16_278.4_282.4,16,0.9998465435637627,0.9200000000000006,0.9700000000000006,0.050000000000000044,PTSVOX_SJ063_F_session1_mic_S_1-16_278.4_282.4-93_0.9200000000000006_0.9700000000000006_0.050000000000000044.wav
PTSVOX_SJ063_F_session1_mic_S_1-16_278.4_282.4,16,0.9999724716089986,0.9300000000000006,0.9800000000000006,0.050000000000000044,PTSVOX_SJ063_F_session1_mic_S_1-16_278.4_282.4-94_0.9300000000000006_0.9800000000000006_0.050000000000000044.wav
PTSVOX_SJ063_F_session1_mic_S_1-16_278.4_282.4,16,0.9944293727166951,0.9400000000000006,0.9900000000000007,0.050000000000000044,PTSVOX_SJ063_F_session1_mic_S_1-16_278.4_282.4-95_0.9400000000000006_0.9900000000000007_0.050000000000000044.wav
PTSVOX_SJ063_F_session1_mic_S_1-16_278.4_282.4,16,0.9992765967617743,0.9500000000000006,1.0000000000000007,0.050000000000000044,PTSVOX_SJ063_F_session1_mic_S_1-16_278.4_282.4-96_0.9500000000000006_1.0000000000000007_0.050000000000000044.wav
PTSVOX_SJ063_F_session1_mic_S_1-16_278.4_282.4,16,0.9997292930202093,0.9600000000000006,1.0100000000000007,0.050000000000000044,PTSVOX_SJ063_F_session1_mic_S_1-16_278.4_282.4-97_0.9600000000000006_1.0100000000000007_0.050000000000000044.wav
PTSVOX_SJ063_F_session1_mic_S_1-16_278.4_282.4,16,0.9888873808085918,0.9700000000000006,1.0200000000000007,0.050000000000000044,PTSVOX_SJ063_F_session1_mic_S_1-16_278.4_282.4-98_0.9700000000000006_1.0200000000000007_0.050000000000000044.wav
PTSVOX_SJ063_F_session1_mic_S_1-16_278.4_282.4,16,0.9994925017817877,0.9800000000000006,1.0300000000000007,0.050000000000000044,PTSVOX_SJ063_F_session1_mic_S_1-16_278.4_282.4-99_0.9800000000000006_1.0300000000000007_0.050000000000000044.wav
PTSVOX_SJ063_F_session1_mic_S_1-16_278.4_282.4,16,0.9995395661680959,0.9900000000000007,1.0400000000000007,0.050000000000000044,PTSVOX_SJ063_F_session1_mic_S_1-16_278.4_282.4-100_0.9900000000000007_1.0400000000000007_0.050000000000000044.wav
PTSVOX_SJ063_F_session1_mic_S_1-16_278.4_282.4,16,0.9999446369729412,1.0000000000000007,1.0500000000000007,0.050000000000000044,PTSVOX_SJ063_F_session1_mic_S_1-16_278.4_282.4-101_1.0000000000000007_1.0500000000000007_0.050000000000000044.wav
PTSVOX_SJ063_F_session1_mic_S_1-16_278.4_282.4,16,0.9992853230796754,1.0100000000000007,1.0600000000000007,0.050000000000000044,PTSVOX_SJ063_F_session1_mic_S_1-16_278.4_282.4-102_1.0100000000000007_1.0600000000000007_0.050000000000000044.wav
PTSVOX_SJ063_F_session1_mic_S_1-16_278.4_282.4,16,0.9997298291127663,1.0200000000000007,1.0700000000000007,0.050000000000000044,PTSVOX_SJ063_F_session1_mic_S_1-16_278.4_282.4-103_1.0200000000000007_1.0700000000000007_0.050000000000000044.wav
PTSVOX_SJ063_F_session1_mic_S_1-16_278.4_282.4,16,0.9975034336093813,1.0300000000000007,1.0800000000000007,0.050000000000000044,PTSVOX_SJ063_F_session1_mic_S_1-16_278.4_282.4-104_1.0300000000000007_1.0800000000000007_0.050000000000000044.wav
PTSVOX_SJ063_F_session1_mic_S_1-16_278.4_282.4,16,0.999939121909847,1.0400000000000007,1.0900000000000007,0.050000000000000044,PTSVOX_SJ063_F_session1_mic_S_1-16_278.4_282.4-105_1.0400000000000007_1.0900000000000007_0.050000000000000044.wav
PTSVOX_SJ063_F_session1_mic_S_1-16_278.4_282.4,16,0.9999920956370261,1.0500000000000007,1.1000000000000008,0.050000000000000044,PTSVOX_SJ063_F_session1_mic_S_1-16_278.4_282.4-106_1.0500000000000007_1.1000000000000008_0.050000000000000044.wav
PTSVOX_SJ063_F_session1_mic_S_1-16_278.4_282.4,16,0.9999991037162204,1.0600000000000007,1.1100000000000008,0.050000000000000044,PTSVOX_SJ063_F_session1_mic_S_1-16_278.4_282.4-107_1.0600000000000007_1.1100000000000008_0.050000000000000044.wav
PTSVOX_SJ063_F_session1_mic_S_1-16_278.4_282.4,16,0.9999995675299544,1.0700000000000007,1.1200000000000008,0.050000000000000044,PTSVOX_SJ063_F_session1_mic_S_1-16_278.4_282.4-108_1.0700000000000007_1.1200000000000008_0.050000000000000044.wav
PTSVOX_SJ063_F_session1_mic_S_1-16_278.4_282.4,16,0.9999988158355109,1.0800000000000007,1.1300000000000008,0.050000000000000044,PTSVOX_SJ063_F_session1_mic_S_1-16_278.4_282.4-109_1.0800000000000007_1.1300000000000008_0.050000000000000044.wav
PTSVOX_SJ063_F_session1_mic_S_1-16_278.4_282.4,16,0.9999993117550048,1.0900000000000007,1.1400000000000008,0.050000000000000044,PTSVOX_SJ063_F_session1_mic_S_1-16_278.4_282.4-110_1.0900000000000007_1.1400000000000008_0.050000000000000044.wav
PTSVOX_SJ063_F_session1_mic_S_1-16_278.4_282.4,16,0.9999950973224259,1.1000000000000008,1.1500000000000008,0.050000000000000044,PTSVOX_SJ063_F_session1_mic_S_1-16_278.4_282.4-111_1.1000000000000008_1.1500000000000008_0.050000000000000044.wav
PTSVOX_SJ063_F_session1_mic_S_1-16_278.4_282.4,16,0.9999032210107544,1.1100000000000008,1.1600000000000008,0.050000000000000044,PTSVOX_SJ063_F_session1_mic_S_1-16_278.4_282.4-112_1.1100000000000008_1.1600000000000008_0.050000000000000044.wav
PTSVOX_SJ063_F_session1_mic_S_1-16_278.4_282.4,16,0.9999971454644765,1.1200000000000008,1.1700000000000008,0.050000000000000044,PTSVOX_SJ063_F_session1_mic_S_1-16_278.4_282.4-113_1.1200000000000008_1.1700000000000008_0.050000000000000044.wav
PTSVOX_SJ063_F_session1_mic_S_1-16_278.4_282.4,16,0.9990669648977928,1.1300000000000008,1.1800000000000008,0.050000000000000044,PTSVOX_SJ063_F_session1_mic_S_1-16_278.4_282.4-114_1.1300000000000008_1.1800000000000008_0.050000000000000044.wav
PTSVOX_SJ063_F_session1_mic_S_1-16_278.4_282.4,16,0.9990071589127183,1.1400000000000008,1.1900000000000008,0.050000000000000044,PTSVOX_SJ063_F_session1_mic_S_1-16_278.4_282.4-115_1.1400000000000008_1.1900000000000008_0.050000000000000044.wav
PTSVOX_SJ063_F_session1_mic_S_1-16_278.4_282.4,16,0.9998655752424384,1.1500000000000008,1.2000000000000008,0.050000000000000044,PTSVOX_SJ063_F_session1_mic_S_1-16_278.4_282.4-116_1.1500000000000008_1.2000000000000008_0.050000000000000044.wav
PTSVOX_SJ063_F_session1_mic_S_1-16_278.4_282.4,16,0.9994546238449402,1.1600000000000008,1.2100000000000009,0.050000000000000044,PTSVOX_SJ063_F_session1_mic_S_1-16_278.4_282.4-117_1.1600000000000008_1.2100000000000009_0.050000000000000044.wav
PTSVOX_SJ063_F_session1_mic_S_1-16_278.4_282.4,16,0.9381717182695866,1.1700000000000008,1.2200000000000009,0.050000000000000044,PTSVOX_SJ063_F_session1_mic_S_1-16_278.4_282.4-118_1.1700000000000008_1.2200000000000009_0.050000000000000044.wav
PTSVOX_SJ063_F_session1_mic_S_1-16_278.4_282.4,16,0.2593306303024292,1.1800000000000008,1.2300000000000009,0.050000000000000044,PTSVOX_SJ063_F_session1_mic_S_1-16_278.4_282.4-119_1.1800000000000008_1.2300000000000009_0.050000000000000044.wav
PTSVOX_SJ063_F_session1_mic_S_1-16_278.4_282.4,16,0.0013117790222167969,1.1900000000000008,1.2400000000000009,0.050000000000000044,PTSVOX_SJ063_F_session1_mic_S_1-16_278.4_282.4-120_1.1900000000000008_1.2400000000000009_0.050000000000000044.wav
PTSVOX_SJ063_F_session1_mic_S_1-16_278.4_282.4,16,1.3709068298339844e-06,1.2000000000000008,1.2500000000000009,0.050000000000000044,PTSVOX_SJ063_F_session1_mic_S_1-16_278.4_282.4-121_1.2000000000000008_1.2500000000000009_0.050000000000000044.wav
PTSVOX_SJ063_F_session1_mic_S_1-16_278.4_282.4,16,0.0,1.2100000000000009,1.260000000000001,0.050000000000000044,PTSVOX_SJ063_F_session1_mic_S_1-16_278.4_282.4-122_1.2100000000000009_1.260000000000001_0.050000000000000044.wav
PTSVOX_SJ063_F_session1_mic_S_1-16_278.4_282.4,16,0.0,1.2200000000000009,1.270000000000001,0.050000000000000044,PTSVOX_SJ063_F_session1_mic_S_1-16_278.4_282.4-123_1.2200000000000009_1.270000000000001_0.050000000000000044.wav
PTSVOX_SJ063_F_session1_mic_S_1-16_278.4_282.4,16,0.7216869592666626,1.2300000000000009,1.280000000000001,0.050000000000000044,PTSVOX_SJ063_F_session1_mic_S_1-16_278.4_282.4-124_1.2300000000000009_1.280000000000001_0.050000000000000044.wav
PTSVOX_SJ063_F_session1_mic_S_1-16_278.4_282.4,16,0.03398388624191284,1.2400000000000009,1.290000000000001,0.050000000000000044,PTSVOX_SJ063_F_session1_mic_S_1-16_278.4_282.4-125_1.2400000000000009_1.290000000000001_0.050000000000000044.wav
PTSVOX_SJ063_F_session1_mic_S_1-16_278.4_282.4,16,0.020684480667114258,1.2500000000000009,1.300000000000001,0.050000000000000044,PTSVOX_SJ063_F_session1_mic_S_1-16_278.4_282.4-126_1.2500000000000009_1.300000000000001_0.050000000000000044.wav
PTSVOX_SJ063_F_session1_mic_S_1-16_278.4_282.4,16,0.0011203885078430176,1.260000000000001,1.310000000000001,0.050000000000000044,PTSVOX_SJ063_F_session1_mic_S_1-16_278.4_282.4-127_1.260000000000001_1.310000000000001_0.050000000000000044.wav
PTSVOX_SJ063_F_session1_mic_S_1-16_278.4_282.4,16,0.0217820405960083,1.270000000000001,1.320000000000001,0.050000000000000044,PTSVOX_SJ063_F_session1_mic_S_1-16_278.4_282.4-128_1.270000000000001_1.320000000000001_0.050000000000000044.wav
PTSVOX_SJ063_F_session1_mic_S_1-16_278.4_282.4,16,0.00922304391860962,1.280000000000001,1.330000000000001,0.050000000000000044,PTSVOX_SJ063_F_session1_mic_S_1-16_278.4_282.4-129_1.280000000000001_1.330000000000001_0.050000000000000044.wav
PTSVOX_SJ063_F_session1_mic_S_1-16_278.4_282.4,16,0.010548174381256104,1.290000000000001,1.340000000000001,0.050000000000000044,PTSVOX_SJ063_F_session1_mic_S_1-16_278.4_282.4-130_1.290000000000001_1.340000000000001_0.050000000000000044.wav
PTSVOX_SJ063_F_session1_mic_S_1-16_278.4_282.4,16,0.0048629045486450195,1.300000000000001,1.350000000000001,0.050000000000000044,PTSVOX_SJ063_F_session1_mic_S_1-16_278.4_282.4-131_1.300000000000001_1.350000000000001_0.050000000000000044.wav
PTSVOX_SJ063_F_session1_mic_S_1-16_278.4_282.4,16,0.0005140900611877441,1.310000000000001,1.360000000000001,0.050000000000000044,PTSVOX_SJ063_F_session1_mic_S_1-16_278.4_282.4-132_1.310000000000001_1.360000000000001_0.050000000000000044.wav
PTSVOX_SJ063_F_session1_mic_S_1-16_278.4_282.4,16,0.00024628639221191406,1.320000000000001,1.370000000000001,0.050000000000000044,PTSVOX_SJ063_F_session1_mic_S_1-16_278.4_282.4-133_1.320000000000001_1.370000000000001_0.050000000000000044.wav
PTSVOX_SJ063_F_session1_mic_S_1-16_278.4_282.4,16,0.0643128752708435,1.330000000000001,1.380000000000001,0.050000000000000044,PTSVOX_SJ063_F_session1_mic_S_1-16_278.4_282.4-134_1.330000000000001_1.380000000000001_0.050000000000000044.wav
PTSVOX_SJ063_F_session1_mic_S_1-16_278.4_282.4,16,0.0026804208755493164,1.340000000000001,1.390000000000001,0.050000000000000044,PTSVOX_SJ063_F_session1_mic_S_1-16_278.4_282.4-135_1.340000000000001_1.390000000000001_0.050000000000000044.wav
PTSVOX_SJ063_F_session1_mic_S_1-16_278.4_282.4,16,0.008484363555908203,1.350000000000001,1.400000000000001,0.050000000000000044,PTSVOX_SJ063_F_session1_mic_S_1-16_278.4_282.4-136_1.350000000000001_1.400000000000001_0.050000000000000044.wav
PTSVOX_SJ063_F_session1_mic_S_1-16_278.4_282.4,16,0.003966867923736572,1.360000000000001,1.410000000000001,0.050000000000000044,PTSVOX_SJ063_F_session1_mic_S_1-16_278.4_282.4-137_1.360000000000001_1.410000000000001_0.050000000000000044.wav
PTSVOX_SJ063_F_session1_mic_S_1-16_278.4_282.4,16,0.0195276141166687,1.370000000000001,1.420000000000001,0.050000000000000044,PTSVOX_SJ063_F_session1_mic_S_1-16_278.4_282.4-138_1.370000000000001_1.420000000000001_0.050000000000000044.wav
PTSVOX_SJ063_F_session1_mic_S_1-16_278.4_282.4,16,0.01925116777420044,1.380000000000001,1.430000000000001,0.050000000000000044,PTSVOX_SJ063_F_session1_mic_S_1-16_278.4_282.4-139_1.380000000000001_1.430000000000001_0.050000000000000044.wav
PTSVOX_SJ063_F_session1_mic_S_1-16_278.4_282.4,16,0.0014293789863586426,1.390000000000001,1.440000000000001,0.050000000000000044,PTSVOX_SJ063_F_session1_mic_S_1-16_278.4_282.4-140_1.390000000000001_1.440000000000001_0.050000000000000044.wav
PTSVOX_SJ063_F_session1_mic_S_1-16_278.4_282.4,16,0.001376032829284668,1.400000000000001,1.450000000000001,0.050000000000000044,PTSVOX_SJ063_F_session1_mic_S_1-16_278.4_282.4-141_1.400000000000001_1.450000000000001_0.050000000000000044.wav
PTSVOX_SJ063_F_session1_mic_S_1-16_278.4_282.4,16,0.0035172700881958008,1.410000000000001,1.460000000000001,0.050000000000000044,PTSVOX_SJ063_F_session1_mic_S_1-16_278.4_282.4-142_1.410000000000001_1.460000000000001_0.050000000000000044.wav
PTSVOX_SJ063_F_session1_mic_S_1-16_278.4_282.4,16,0.002300262451171875,1.420000000000001,1.470000000000001,0.050000000000000044,PTSVOX_SJ063_F_session1_mic_S_1-16_278.4_282.4-143_1.420000000000001_1.470000000000001_0.050000000000000044.wav
PTSVOX_SJ063_F_session1_mic_S_1-16_278.4_282.4,16,0.001248180866241455,1.430000000000001,1.480000000000001,0.050000000000000044,PTSVOX_SJ063_F_session1_mic_S_1-16_278.4_282.4-144_1.430000000000001_1.480000000000001_0.050000000000000044.wav
PTSVOX_SJ063_F_session1_mic_S_1-16_278.4_282.4,16,0.0018081068992614746,1.440000000000001,1.490000000000001,0.050000000000000044,PTSVOX_SJ063_F_session1_mic_S_1-16_278.4_282.4-145_1.440000000000001_1.490000000000001_0.050000000000000044.wav
PTSVOX_SJ063_F_session1_mic_S_1-16_278.4_282.4,16,0.9273428246378899,1.450000000000001,1.500000000000001,0.050000000000000044,PTSVOX_SJ063_F_session1_mic_S_1-16_278.4_282.4-146_1.450000000000001_1.500000000000001_0.050000000000000044.wav
PTSVOX_SJ063_F_session1_mic_S_1-16_278.4_282.4,16,0.15052157640457153,1.460000000000001,1.5100000000000011,0.050000000000000044,PTSVOX_SJ063_F_session1_mic_S_1-16_278.4_282.4-147_1.460000000000001_1.5100000000000011_0.050000000000000044.wav
PTSVOX_SJ063_F_session1_mic_S_1-16_278.4_282.4,16,0.03640514612197876,1.470000000000001,1.5200000000000011,0.050000000000000044,PTSVOX_SJ063_F_session1_mic_S_1-16_278.4_282.4-148_1.470000000000001_1.5200000000000011_0.050000000000000044.wav
PTSVOX_SJ063_F_session1_mic_S_1-16_278.4_282.4,16,3.516674041748047e-06,1.480000000000001,1.5300000000000011,0.050000000000000044,PTSVOX_SJ063_F_session1_mic_S_1-16_278.4_282.4-149_1.480000000000001_1.5300000000000011_0.050000000000000044.wav
PTSVOX_SJ063_F_session1_mic_S_1-16_278.4_282.4,16,0.10326629877090454,1.490000000000001,1.5400000000000011,0.050000000000000044,PTSVOX_SJ063_F_session1_mic_S_1-16_278.4_282.4-150_1.490000000000001_1.5400000000000011_0.050000000000000044.wav
PTSVOX_SJ063_F_session1_mic_S_1-16_278.4_282.4,16,0.9788329191505909,1.500000000000001,1.5500000000000012,0.050000000000000044,PTSVOX_SJ063_F_session1_mic_S_1-16_278.4_282.4-151_1.500000000000001_1.5500000000000012_0.050000000000000044.wav
PTSVOX_SJ063_F_session1_mic_S_1-16_278.4_282.4,16,0.0003706216812133789,1.5100000000000011,1.5600000000000012,0.050000000000000044,PTSVOX_SJ063_F_session1_mic_S_1-16_278.4_282.4-152_1.5100000000000011_1.5600000000000012_0.050000000000000044.wav
PTSVOX_SJ063_F_session1_mic_S_1-16_278.4_282.4,16,5.125999450683594e-05,1.5200000000000011,1.5700000000000012,0.050000000000000044,PTSVOX_SJ063_F_session1_mic_S_1-16_278.4_282.4-153_1.5200000000000011_1.5700000000000012_0.050000000000000044.wav
PTSVOX_SJ063_F_session1_mic_S_1-16_278.4_282.4,16,2.205371856689453e-06,1.5300000000000011,1.5800000000000012,0.050000000000000044,PTSVOX_SJ063_F_session1_mic_S_1-16_278.4_282.4-154_1.5300000000000011_1.5800000000000012_0.050000000000000044.wav
PTSVOX_SJ063_F_session1_mic_S_1-16_278.4_282.4,16,2.2590160369873047e-05,1.5400000000000011,1.5900000000000012,0.050000000000000044,PTSVOX_SJ063_F_session1_mic_S_1-16_278.4_282.4-155_1.5400000000000011_1.5900000000000012_0.050000000000000044.wav
PTSVOX_SJ063_F_session1_mic_S_1-16_278.4_282.4,16,0.0,1.5500000000000012,1.6000000000000012,0.050000000000000044,PTSVOX_SJ063_F_session1_mic_S_1-16_278.4_282.4-156_1.5500000000000012_1.6000000000000012_0.050000000000000044.wav
PTSVOX_SJ063_F_session1_mic_S_1-16_278.4_282.4,16,0.0,1.5600000000000012,1.6100000000000012,0.050000000000000044,PTSVOX_SJ063_F_session1_mic_S_1-16_278.4_282.4-157_1.5600000000000012_1.6100000000000012_0.050000000000000044.wav
PTSVOX_SJ063_F_session1_mic_S_1-16_278.4_282.4,16,0.01598668098449707,1.5700000000000012,1.6200000000000012,0.050000000000000044,PTSVOX_SJ063_F_session1_mic_S_1-16_278.4_282.4-158_1.5700000000000012_1.6200000000000012_0.050000000000000044.wav
PTSVOX_SJ063_F_session1_mic_S_1-16_278.4_282.4,16,0.1636841893196106,1.5800000000000012,1.6300000000000012,0.050000000000000044,PTSVOX_SJ063_F_session1_mic_S_1-16_278.4_282.4-159_1.5800000000000012_1.6300000000000012_0.050000000000000044.wav
PTSVOX_SJ063_F_session1_mic_S_1-16_278.4_282.4,16,0.032633185386657715,1.5900000000000012,1.6400000000000012,0.050000000000000044,PTSVOX_SJ063_F_session1_mic_S_1-16_278.4_282.4-160_1.5900000000000012_1.6400000000000012_0.050000000000000044.wav
PTSVOX_SJ063_F_session1_mic_S_1-16_278.4_282.4,16,0.7160950899124146,1.6000000000000012,1.6500000000000012,0.050000000000000044,PTSVOX_SJ063_F_session1_mic_S_1-16_278.4_282.4-161_1.6000000000000012_1.6500000000000012_0.050000000000000044.wav
PTSVOX_SJ063_F_session1_mic_S_1-16_278.4_282.4,16,0.058157265186309814,1.6100000000000012,1.6600000000000013,0.050000000000000044,PTSVOX_SJ063_F_session1_mic_S_1-16_278.4_282.4-162_1.6100000000000012_1.6600000000000013_0.050000000000000044.wav
PTSVOX_SJ063_F_session1_mic_S_1-16_278.4_282.4,16,0.25993800163269043,1.6200000000000012,1.6700000000000013,0.050000000000000044,PTSVOX_SJ063_F_session1_mic_S_1-16_278.4_282.4-163_1.6200000000000012_1.6700000000000013_0.050000000000000044.wav
PTSVOX_SJ063_F_session1_mic_S_1-16_278.4_282.4,16,0.02952110767364502,1.6300000000000012,1.6800000000000013,0.050000000000000044,PTSVOX_SJ063_F_session1_mic_S_1-16_278.4_282.4-164_1.6300000000000012_1.6800000000000013_0.050000000000000044.wav
PTSVOX_SJ063_F_session1_mic_S_1-16_278.4_282.4,16,0.06055712699890137,1.6400000000000012,1.6900000000000013,0.050000000000000044,PTSVOX_SJ063_F_session1_mic_S_1-16_278.4_282.4-165_1.6400000000000012_1.6900000000000013_0.050000000000000044.wav
PTSVOX_SJ063_F_session1_mic_S_1-16_278.4_282.4,16,0.000356137752532959,1.6500000000000012,1.7000000000000013,0.050000000000000044,PTSVOX_SJ063_F_session1_mic_S_1-16_278.4_282.4-166_1.6500000000000012_1.7000000000000013_0.050000000000000044.wav
PTSVOX_SJ063_F_session1_mic_S_1-16_278.4_282.4,16,0.2295060157775879,1.6600000000000013,1.7100000000000013,0.050000000000000044,PTSVOX_SJ063_F_session1_mic_S_1-16_278.4_282.4-167_1.6600000000000013_1.7100000000000013_0.050000000000000044.wav
PTSVOX_SJ063_F_session1_mic_S_1-16_278.4_282.4,16,0.6098143458366394,1.6700000000000013,1.7200000000000013,0.050000000000000044,PTSVOX_SJ063_F_session1_mic_S_1-16_278.4_282.4-168_1.6700000000000013_1.7200000000000013_0.050000000000000044.wav
PTSVOX_SJ063_F_session1_mic_S_1-16_278.4_282.4,16,0.3975728750228882,1.6800000000000013,1.7300000000000013,0.050000000000000044,PTSVOX_SJ063_F_session1_mic_S_1-16_278.4_282.4-169_1.6800000000000013_1.7300000000000013_0.050000000000000044.wav
PTSVOX_SJ063_F_session1_mic_S_1-16_278.4_282.4,16,0.9949039588682353,1.6900000000000013,1.7400000000000013,0.050000000000000044,PTSVOX_SJ063_F_session1_mic_S_1-16_278.4_282.4-170_1.6900000000000013_1.7400000000000013_0.050000000000000044.wav
PTSVOX_SJ063_F_session1_mic_S_1-16_278.4_282.4,16,0.7461499869823456,1.7000000000000013,1.7500000000000013,0.050000000000000044,PTSVOX_SJ063_F_session1_mic_S_1-16_278.4_282.4-171_1.7000000000000013_1.7500000000000013_0.050000000000000044.wav
PTSVOX_SJ063_F_session1_mic_S_1-16_278.4_282.4,16,0.998873453005217,1.7100000000000013,1.7600000000000013,0.050000000000000044,PTSVOX_SJ063_F_session1_mic_S_1-16_278.4_282.4-172_1.7100000000000013_1.7600000000000013_0.050000000000000044.wav
PTSVOX_SJ063_F_session1_mic_S_1-16_278.4_282.4,16,0.9994085571961477,1.7200000000000013,1.7700000000000014,0.050000000000000044,PTSVOX_SJ063_F_session1_mic_S_1-16_278.4_282.4-173_1.7200000000000013_1.7700000000000014_0.050000000000000044.wav
PTSVOX_SJ063_F_session1_mic_S_1-16_278.4_282.4,16,0.999867305465159,1.7300000000000013,1.7800000000000014,0.050000000000000044,PTSVOX_SJ063_F_session1_mic_S_1-16_278.4_282.4-174_1.7300000000000013_1.7800000000000014_0.050000000000000044.wav
PTSVOX_SJ063_F_session1_mic_S_1-16_278.4_282.4,16,0.9999399842308776,1.7400000000000013,1.7900000000000014,0.050000000000000044,PTSVOX_SJ063_F_session1_mic_S_1-16_278.4_282.4-175_1.7400000000000013_1.7900000000000014_0.050000000000000044.wav
PTSVOX_SJ063_F_session1_mic_S_1-16_278.4_282.4,16,0.9999998749501344,1.7500000000000013,1.8000000000000014,0.050000000000000044,PTSVOX_SJ063_F_session1_mic_S_1-16_278.4_282.4-176_1.7500000000000013_1.8000000000000014_0.050000000000000044.wav
PTSVOX_SJ063_F_session1_mic_S_1-16_278.4_282.4,16,0.9999999994512152,1.7600000000000013,1.8100000000000014,0.050000000000000044,PTSVOX_SJ063_F_session1_mic_S_1-16_278.4_282.4-177_1.7600000000000013_1.8100000000000014_0.050000000000000044.wav
PTSVOX_SJ063_F_session1_mic_S_1-16_278.4_282.4,16,0.999999999717492,1.7700000000000014,1.8200000000000014,0.050000000000000044,PTSVOX_SJ063_F_session1_mic_S_1-16_278.4_282.4-178_1.7700000000000014_1.8200000000000014_0.050000000000000044.wav
PTSVOX_SJ063_F_session1_mic_S_1-16_278.4_282.4,16,0.999992636296156,1.7800000000000014,1.8300000000000014,0.050000000000000044,PTSVOX_SJ063_F_session1_mic_S_1-16_278.4_282.4-179_1.7800000000000014_1.8300000000000014_0.050000000000000044.wav
PTSVOX_SJ063_F_session1_mic_S_1-16_278.4_282.4,16,0.9992181423585862,1.7900000000000014,1.8400000000000014,0.050000000000000044,PTSVOX_SJ063_F_session1_mic_S_1-16_278.4_282.4-180_1.7900000000000014_1.8400000000000014_0.050000000000000044.wav
PTSVOX_SJ063_F_session1_mic_S_1-16_278.4_282.4,16,0.2444027066230774,1.8000000000000014,1.8500000000000014,0.050000000000000044,PTSVOX_SJ063_F_session1_mic_S_1-16_278.4_282.4-181_1.8000000000000014_1.8500000000000014_0.050000000000000044.wav
PTSVOX_SJ063_F_session1_mic_S_1-16_278.4_282.4,16,0.1167449951171875,1.8100000000000014,1.8600000000000014,0.050000000000000044,PTSVOX_SJ063_F_session1_mic_S_1-16_278.4_282.4-182_1.8100000000000014_1.8600000000000014_0.050000000000000044.wav
PTSVOX_SJ063_F_session1_mic_S_1-16_278.4_282.4,16,0.796421080827713,1.8200000000000014,1.8700000000000014,0.050000000000000044,PTSVOX_SJ063_F_session1_mic_S_1-16_278.4_282.4-183_1.8200000000000014_1.8700000000000014_0.050000000000000044.wav
PTSVOX_SJ063_F_session1_mic_S_1-16_278.4_282.4,16,0.9975155876018107,1.8300000000000014,1.8800000000000014,0.050000000000000044,PTSVOX_SJ063_F_session1_mic_S_1-16_278.4_282.4-184_1.8300000000000014_1.8800000000000014_0.050000000000000044.wav
PTSVOX_SJ063_F_session1_mic_S_1-16_278.4_282.4,16,0.9998206496093189,1.8400000000000014,1.8900000000000015,0.050000000000000044,PTSVOX_SJ063_F_session1_mic_S_1-16_278.4_282.4-185_1.8400000000000014_1.8900000000000015_0.050000000000000044.wav
PTSVOX_SJ063_F_session1_mic_S_1-16_278.4_282.4,16,0.9994824604946189,1.8500000000000014,1.9000000000000015,0.050000000000000044,PTSVOX_SJ063_F_session1_mic_S_1-16_278.4_282.4-186_1.8500000000000014_1.9000000000000015_0.050000000000000044.wav
PTSVOX_SJ063_F_session1_mic_S_1-16_278.4_282.4,16,0.999977393559675,1.8600000000000014,1.9100000000000015,0.050000000000000044,PTSVOX_SJ063_F_session1_mic_S_1-16_278.4_282.4-187_1.8600000000000014_1.9100000000000015_0.050000000000000044.wav
PTSVOX_SJ063_F_session1_mic_S_1-16_278.4_282.4,16,0.9999999869492582,1.8700000000000014,1.9200000000000015,0.050000000000000044,PTSVOX_SJ063_F_session1_mic_S_1-16_278.4_282.4-188_1.8700000000000014_1.9200000000000015_0.050000000000000044.wav
PTSVOX_SJ063_F_session1_mic_S_1-16_278.4_282.4,16,0.999999626878747,1.8800000000000014,1.9300000000000015,0.050000000000000044,PTSVOX_SJ063_F_session1_mic_S_1-16_278.4_282.4-189_1.8800000000000014_1.9300000000000015_0.050000000000000044.wav
PTSVOX_SJ063_F_session1_mic_S_1-16_278.4_282.4,16,0.9999999845223915,1.8900000000000015,1.9400000000000015,0.050000000000000044,PTSVOX_SJ063_F_session1_mic_S_1-16_278.4_282.4-190_1.8900000000000015_1.9400000000000015_0.050000000000000044.wav
PTSVOX_SJ063_F_session1_mic_S_1-16_278.4_282.4,16,0.9999999777795185,1.9000000000000015,1.9500000000000015,0.050000000000000044,PTSVOX_SJ063_F_session1_mic_S_1-16_278.4_282.4-191_1.9000000000000015_1.9500000000000015_0.050000000000000044.wav
PTSVOX_SJ063_F_session1_mic_S_1-16_278.4_282.4,16,0.999999964878139,1.9100000000000015,1.9600000000000015,0.050000000000000044,PTSVOX_SJ063_F_session1_mic_S_1-16_278.4_282.4-192_1.9100000000000015_1.9600000000000015_0.050000000000000044.wav
PTSVOX_SJ063_F_session1_mic_S_1-16_278.4_282.4,16,0.999998707124405,1.9200000000000015,1.9700000000000015,0.050000000000000044,PTSVOX_SJ063_F_session1_mic_S_1-16_278.4_282.4-193_1.9200000000000015_1.9700000000000015_0.050000000000000044.wav
PTSVOX_SJ063_F_session1_mic_S_1-16_278.4_282.4,16,0.9999997562989904,1.9300000000000015,1.9800000000000015,0.050000000000000044,PTSVOX_SJ063_F_session1_mic_S_1-16_278.4_282.4-194_1.9300000000000015_1.9800000000000015_0.050000000000000044.wav
PTSVOX_SJ063_F_session1_mic_S_1-16_278.4_282.4,16,0.9999984975786447,1.9400000000000015,1.9900000000000015,0.050000000000000044,PTSVOX_SJ063_F_session1_mic_S_1-16_278.4_282.4-195_1.9400000000000015_1.9900000000000015_0.050000000000000044.wav
PTSVOX_SJ063_F_session1_mic_S_1-16_278.4_282.4,16,0.9999997854420712,1.9500000000000015,2.0000000000000013,0.04999999999999982,PTSVOX_SJ063_F_session1_mic_S_1-16_278.4_282.4-196_1.9500000000000015_2.0000000000000013_0.04999999999999982.wav
PTSVOX_SJ063_F_session1_mic_S_1-16_278.4_282.4,16,0.9999999670339328,1.9600000000000015,2.010000000000001,0.0499999999999996,PTSVOX_SJ063_F_session1_mic_S_1-16_278.4_282.4-197_1.9600000000000015_2.010000000000001_0.0499999999999996.wav
PTSVOX_SJ063_F_session1_mic_S_1-16_278.4_282.4,16,0.9999996899979635,1.9700000000000015,2.020000000000001,0.04999999999999938,PTSVOX_SJ063_F_session1_mic_S_1-16_278.4_282.4-198_1.9700000000000015_2.020000000000001_0.04999999999999938.wav
PTSVOX_SJ063_F_session1_mic_S_1-16_278.4_282.4,16,0.9999995911932729,1.9800000000000015,2.0300000000000007,0.049999999999999156,PTSVOX_SJ063_F_session1_mic_S_1-16_278.4_282.4-199_1.9800000000000015_2.0300000000000007_0.049999999999999156.wav
PTSVOX_SJ063_F_session1_mic_S_1-16_278.4_282.4,16,0.9999277195456671,1.9900000000000015,2.0400000000000005,0.049999999999998934,PTSVOX_SJ063_F_session1_mic_S_1-16_278.4_282.4-200_1.9900000000000015_2.0400000000000005_0.049999999999998934.wav
PTSVOX_SJ063_F_session1_mic_S_1-16_278.4_282.4,16,0.9999585591795039,2.0000000000000013,2.0500000000000003,0.049999999999998934,PTSVOX_SJ063_F_session1_mic_S_1-16_278.4_282.4-201_2.0000000000000013_2.0500000000000003_0.049999999999998934.wav
PTSVOX_SJ063_F_session1_mic_S_1-16_278.4_282.4,16,0.9999126394832274,2.010000000000001,2.06,0.049999999999998934,PTSVOX_SJ063_F_session1_mic_S_1-16_278.4_282.4-202_2.010000000000001_2.06_0.049999999999998934.wav
PTSVOX_SJ063_F_session1_mic_S_1-16_278.4_282.4,16,0.9996756618493237,2.020000000000001,2.07,0.049999999999998934,PTSVOX_SJ063_F_session1_mic_S_1-16_278.4_282.4-203_2.020000000000001_2.07_0.049999999999998934.wav
PTSVOX_SJ063_F_session1_mic_S_1-16_278.4_282.4,16,0.9999834295758774,2.0300000000000007,2.0799999999999996,0.049999999999998934,PTSVOX_SJ063_F_session1_mic_S_1-16_278.4_282.4-204_2.0300000000000007_2.0799999999999996_0.049999999999998934.wav
PTSVOX_SJ063_F_session1_mic_S_1-16_278.4_282.4,16,0.9984379146480933,2.0400000000000005,2.0899999999999994,0.049999999999998934,PTSVOX_SJ063_F_session1_mic_S_1-16_278.4_282.4-205_2.0400000000000005_2.0899999999999994_0.049999999999998934.wav
PTSVOX_SJ063_F_session1_mic_S_1-16_278.4_282.4,16,0.9997365040471777,2.0500000000000003,2.099999999999999,0.049999999999998934,PTSVOX_SJ063_F_session1_mic_S_1-16_278.4_282.4-206_2.0500000000000003_2.099999999999999_0.049999999999998934.wav
PTSVOX_SJ063_F_session1_mic_S_1-16_278.4_282.4,16,0.9949859650805593,2.06,2.109999999999999,0.049999999999998934,PTSVOX_SJ063_F_session1_mic_S_1-16_278.4_282.4-207_2.06_2.109999999999999_0.049999999999998934.wav
PTSVOX_SJ063_F_session1_mic_S_1-16_278.4_282.4,16,0.62155681848526,2.07,2.1199999999999988,0.049999999999998934,PTSVOX_SJ063_F_session1_mic_S_1-16_278.4_282.4-208_2.07_2.1199999999999988_0.049999999999998934.wav
PTSVOX_SJ063_F_session1_mic_S_1-16_278.4_282.4,16,0.11592745780944824,2.0799999999999996,2.1299999999999986,0.049999999999998934,PTSVOX_SJ063_F_session1_mic_S_1-16_278.4_282.4-209_2.0799999999999996_2.1299999999999986_0.049999999999998934.wav
PTSVOX_SJ063_F_session1_mic_S_1-16_278.4_282.4,16,0.08024454116821289,2.0899999999999994,2.1399999999999983,0.049999999999998934,PTSVOX_SJ063_F_session1_mic_S_1-16_278.4_282.4-210_2.0899999999999994_2.1399999999999983_0.049999999999998934.wav
PTSVOX_SJ063_F_session1_mic_S_1-16_278.4_282.4,16,0.8109458833932877,2.099999999999999,2.149999999999998,0.049999999999998934,PTSVOX_SJ063_F_session1_mic_S_1-16_278.4_282.4-211_2.099999999999999_2.149999999999998_0.049999999999998934.wav
PTSVOX_SJ063_F_session1_mic_S_1-16_278.4_282.4,16,0.9999977355657848,2.109999999999999,2.159999999999998,0.049999999999998934,PTSVOX_SJ063_F_session1_mic_S_1-16_278.4_282.4-212_2.109999999999999_2.159999999999998_0.049999999999998934.wav
PTSVOX_SJ063_F_session1_mic_S_1-16_278.4_282.4,16,0.9998082987149246,2.1199999999999988,2.1699999999999977,0.049999999999998934,PTSVOX_SJ063_F_session1_mic_S_1-16_278.4_282.4-213_2.1199999999999988_2.1699999999999977_0.049999999999998934.wav
PTSVOX_SJ063_F_session1_mic_S_1-16_278.4_282.4,16,0.9721114709973335,2.1299999999999986,2.1799999999999975,0.049999999999998934,PTSVOX_SJ063_F_session1_mic_S_1-16_278.4_282.4-214_2.1299999999999986_2.1799999999999975_0.049999999999998934.wav
PTSVOX_SJ063_F_session1_mic_S_1-16_278.4_282.4,16,0.9999792443413753,2.1399999999999983,2.1899999999999973,0.049999999999998934,PTSVOX_SJ063_F_session1_mic_S_1-16_278.4_282.4-215_2.1399999999999983_2.1899999999999973_0.049999999999998934.wav
PTSVOX_SJ063_F_session1_mic_S_1-16_278.4_282.4,16,0.999290196923539,2.149999999999998,2.199999999999997,0.049999999999998934,PTSVOX_SJ063_F_session1_mic_S_1-16_278.4_282.4-216_2.149999999999998_2.199999999999997_0.049999999999998934.wav
PTSVOX_SJ063_F_session1_mic_S_1-16_278.4_282.4,16,0.9966542343609035,2.159999999999998,2.209999999999997,0.049999999999998934,PTSVOX_SJ063_F_session1_mic_S_1-16_278.4_282.4-217_2.159999999999998_2.209999999999997_0.049999999999998934.wav
PTSVOX_SJ063_F_session1_mic_S_1-16_278.4_282.4,16,0.998969774111174,2.1699999999999977,2.2199999999999966,0.049999999999998934,PTSVOX_SJ063_F_session1_mic_S_1-16_278.4_282.4-218_2.1699999999999977_2.2199999999999966_0.049999999999998934.wav
PTSVOX_SJ063_F_session1_mic_S_1-16_278.4_282.4,16,0.9911560863256454,2.1799999999999975,2.2299999999999964,0.049999999999998934,PTSVOX_SJ063_F_session1_mic_S_1-16_278.4_282.4-219_2.1799999999999975_2.2299999999999964_0.049999999999998934.wav
PTSVOX_SJ063_F_session1_mic_S_1-16_278.4_282.4,16,0.9940132345072925,2.1899999999999973,2.239999999999996,0.049999999999998934,PTSVOX_SJ063_F_session1_mic_S_1-16_278.4_282.4-220_2.1899999999999973_2.239999999999996_0.049999999999998934.wav
PTSVOX_SJ063_F_session1_mic_S_1-16_278.4_282.4,16,0.9972824065480381,2.199999999999997,2.249999999999996,0.049999999999998934,PTSVOX_SJ063_F_session1_mic_S_1-16_278.4_282.4-221_2.199999999999997_2.249999999999996_0.049999999999998934.wav
PTSVOX_SJ063_F_session1_mic_S_1-16_278.4_282.4,16,0.9974095956422389,2.209999999999997,2.259999999999996,0.049999999999998934,PTSVOX_SJ063_F_session1_mic_S_1-16_278.4_282.4-222_2.209999999999997_2.259999999999996_0.049999999999998934.wav
PTSVOX_SJ063_F_session1_mic_S_1-16_278.4_282.4,16,0.7083581387996674,2.2199999999999966,2.2699999999999956,0.049999999999998934,PTSVOX_SJ063_F_session1_mic_S_1-16_278.4_282.4-223_2.2199999999999966_2.2699999999999956_0.049999999999998934.wav
PTSVOX_SJ063_F_session1_mic_S_1-16_278.4_282.4,16,0.0871230959892273,2.2299999999999964,2.2799999999999954,0.049999999999998934,PTSVOX_SJ063_F_session1_mic_S_1-16_278.4_282.4-224_2.2299999999999964_2.2799999999999954_0.049999999999998934.wav
PTSVOX_SJ063_F_session1_mic_S_1-16_278.4_282.4,16,0.6554846167564392,2.239999999999996,2.289999999999995,0.049999999999998934,PTSVOX_SJ063_F_session1_mic_S_1-16_278.4_282.4-225_2.239999999999996_2.289999999999995_0.049999999999998934.wav
PTSVOX_SJ063_F_session1_mic_S_1-16_278.4_282.4,16,0.011047542095184326,2.249999999999996,2.299999999999995,0.049999999999998934,PTSVOX_SJ063_F_session1_mic_S_1-16_278.4_282.4-226_2.249999999999996_2.299999999999995_0.049999999999998934.wav
PTSVOX_SJ063_F_session1_mic_S_1-16_278.4_282.4,16,0.0002314448356628418,2.259999999999996,2.3099999999999947,0.049999999999998934,PTSVOX_SJ063_F_session1_mic_S_1-16_278.4_282.4-227_2.259999999999996_2.3099999999999947_0.049999999999998934.wav
PTSVOX_SJ063_F_session1_mic_S_1-16_278.4_282.4,16,0.0,2.2699999999999956,2.3199999999999945,0.049999999999998934,PTSVOX_SJ063_F_session1_mic_S_1-16_278.4_282.4-228_2.2699999999999956_2.3199999999999945_0.049999999999998934.wav
PTSVOX_SJ063_F_session1_mic_S_1-16_278.4_282.4,16,0.0,2.2799999999999954,2.3299999999999943,0.049999999999998934,PTSVOX_SJ063_F_session1_mic_S_1-16_278.4_282.4-229_2.2799999999999954_2.3299999999999943_0.049999999999998934.wav
PTSVOX_SJ063_F_session1_mic_S_1-16_278.4_282.4,16,3.9637088775634766e-05,2.289999999999995,2.339999999999994,0.049999999999998934,PTSVOX_SJ063_F_session1_mic_S_1-16_278.4_282.4-230_2.289999999999995_2.339999999999994_0.049999999999998934.wav
PTSVOX_SJ063_F_session1_mic_S_1-16_278.4_282.4,16,0.013241589069366455,2.299999999999995,2.349999999999994,0.049999999999998934,PTSVOX_SJ063_F_session1_mic_S_1-16_278.4_282.4-231_2.299999999999995_2.349999999999994_0.049999999999998934.wav
PTSVOX_SJ063_F_session1_mic_S_1-16_278.4_282.4,16,0.5271307826042175,2.3099999999999947,2.3599999999999937,0.049999999999998934,PTSVOX_SJ063_F_session1_mic_S_1-16_278.4_282.4-232_2.3099999999999947_2.3599999999999937_0.049999999999998934.wav
PTSVOX_SJ063_F_session1_mic_S_1-16_278.4_282.4,16,0.020485758781433105,2.3199999999999945,2.3699999999999934,0.049999999999998934,PTSVOX_SJ063_F_session1_mic_S_1-16_278.4_282.4-233_2.3199999999999945_2.3699999999999934_0.049999999999998934.wav
PTSVOX_SJ063_F_session1_mic_S_1-16_278.4_282.4,16,0.0464862585067749,2.3299999999999943,2.3799999999999932,0.049999999999998934,PTSVOX_SJ063_F_session1_mic_S_1-16_278.4_282.4-234_2.3299999999999943_2.3799999999999932_0.049999999999998934.wav
PTSVOX_SJ063_F_session1_mic_S_1-16_278.4_282.4,16,1.5735626220703125e-05,2.339999999999994,2.389999999999993,0.049999999999998934,PTSVOX_SJ063_F_session1_mic_S_1-16_278.4_282.4-235_2.339999999999994_2.389999999999993_0.049999999999998934.wav
PTSVOX_SJ063_F_session1_mic_S_1-16_278.4_282.4,16,1.6093254089355469e-06,2.349999999999994,2.399999999999993,0.049999999999998934,PTSVOX_SJ063_F_session1_mic_S_1-16_278.4_282.4-236_2.349999999999994_2.399999999999993_0.049999999999998934.wav
PTSVOX_SJ063_F_session1_mic_S_1-16_278.4_282.4,16,0.06420326232910156,2.3599999999999937,2.4099999999999926,0.049999999999998934,PTSVOX_SJ063_F_session1_mic_S_1-16_278.4_282.4-237_2.3599999999999937_2.4099999999999926_0.049999999999998934.wav
PTSVOX_SJ063_F_session1_mic_S_1-16_278.4_282.4,16,0.0,2.3699999999999934,2.4199999999999924,0.049999999999998934,PTSVOX_SJ063_F_session1_mic_S_1-16_278.4_282.4-238_2.3699999999999934_2.4199999999999924_0.049999999999998934.wav
PTSVOX_SJ063_F_session1_mic_S_1-16_278.4_282.4,16,0.0,2.3799999999999932,2.429999999999992,0.049999999999998934,PTSVOX_SJ063_F_session1_mic_S_1-16_278.4_282.4-239_2.3799999999999932_2.429999999999992_0.049999999999998934.wav
PTSVOX_SJ063_F_session1_mic_S_1-16_278.4_282.4,16,5.960464477539063e-08,2.389999999999993,2.439999999999992,0.049999999999998934,PTSVOX_SJ063_F_session1_mic_S_1-16_278.4_282.4-240_2.389999999999993_2.439999999999992_0.049999999999998934.wav
PTSVOX_SJ063_F_session1_mic_S_1-16_278.4_282.4,16,0.00021535158157348633,2.399999999999993,2.4499999999999917,0.049999999999998934,PTSVOX_SJ063_F_session1_mic_S_1-16_278.4_282.4-241_2.399999999999993_2.4499999999999917_0.049999999999998934.wav
PTSVOX_SJ063_F_session1_mic_S_1-16_278.4_282.4,16,6.556510925292969e-07,2.4099999999999926,2.4599999999999915,0.049999999999998934,PTSVOX_SJ063_F_session1_mic_S_1-16_278.4_282.4-242_2.4099999999999926_2.4599999999999915_0.049999999999998934.wav
PTSVOX_SJ063_F_session1_mic_S_1-16_278.4_282.4,16,0.000690758228302002,2.4199999999999924,2.4699999999999913,0.049999999999998934,PTSVOX_SJ063_F_session1_mic_S_1-16_278.4_282.4-243_2.4199999999999924_2.4699999999999913_0.049999999999998934.wav
PTSVOX_SJ063_F_session1_mic_S_1-16_278.4_282.4,16,4.76837158203125e-07,2.429999999999992,2.479999999999991,0.049999999999998934,PTSVOX_SJ063_F_session1_mic_S_1-16_278.4_282.4-244_2.429999999999992_2.479999999999991_0.049999999999998934.wav
PTSVOX_SJ063_F_session1_mic_S_1-16_278.4_282.4,16,0.5014498233795166,2.439999999999992,2.489999999999991,0.049999999999998934,PTSVOX_SJ063_F_session1_mic_S_1-16_278.4_282.4-245_2.439999999999992_2.489999999999991_0.049999999999998934.wav
PTSVOX_SJ063_F_session1_mic_S_1-16_278.4_282.4,16,0.00021451711654663086,2.4499999999999917,2.4999999999999907,0.049999999999998934,PTSVOX_SJ063_F_session1_mic_S_1-16_278.4_282.4-246_2.4499999999999917_2.4999999999999907_0.049999999999998934.wav
PTSVOX_SJ063_F_session1_mic_S_1-16_278.4_282.4,16,0.00709843635559082,2.4599999999999915,2.5099999999999905,0.049999999999998934,PTSVOX_SJ063_F_session1_mic_S_1-16_278.4_282.4-247_2.4599999999999915_2.5099999999999905_0.049999999999998934.wav
PTSVOX_SJ063_F_session1_mic_S_1-16_278.4_282.4,16,0.9672887772321701,2.4699999999999913,2.5199999999999902,0.049999999999998934,PTSVOX_SJ063_F_session1_mic_S_1-16_278.4_282.4-248_2.4699999999999913_2.5199999999999902_0.049999999999998934.wav
PTSVOX_SJ063_F_session1_mic_S_1-16_278.4_282.4,16,0.9989085231209174,2.479999999999991,2.52999999999999,0.049999999999998934,PTSVOX_SJ063_F_session1_mic_S_1-16_278.4_282.4-249_2.479999999999991_2.52999999999999_0.049999999999998934.wav
PTSVOX_SJ063_F_session1_mic_S_1-16_278.4_282.4,16,0.9998869858900434,2.489999999999991,2.53999999999999,0.049999999999998934,PTSVOX_SJ063_F_session1_mic_S_1-16_278.4_282.4-250_2.489999999999991_2.53999999999999_0.049999999999998934.wav
PTSVOX_SJ063_F_session1_mic_S_1-16_278.4_282.4,16,0.9999981955432986,2.4999999999999907,2.5499999999999896,0.049999999999998934,PTSVOX_SJ063_F_session1_mic_S_1-16_278.4_282.4-251_2.4999999999999907_2.5499999999999896_0.049999999999998934.wav
PTSVOX_SJ063_F_session1_mic_S_1-16_278.4_282.4,16,0.9999935893620204,2.5099999999999905,2.5599999999999894,0.049999999999998934,PTSVOX_SJ063_F_session1_mic_S_1-16_278.4_282.4-252_2.5099999999999905_2.5599999999999894_0.049999999999998934.wav
PTSVOX_SJ063_F_session1_mic_S_1-16_278.4_282.4,16,0.999999997412371,2.5199999999999902,2.569999999999989,0.049999999999998934,PTSVOX_SJ063_F_session1_mic_S_1-16_278.4_282.4-253_2.5199999999999902_2.569999999999989_0.049999999999998934.wav
PTSVOX_SJ063_F_session1_mic_S_1-16_278.4_282.4,16,0.9999999972225604,2.52999999999999,2.579999999999989,0.049999999999998934,PTSVOX_SJ063_F_session1_mic_S_1-16_278.4_282.4-254_2.52999999999999_2.579999999999989_0.049999999999998934.wav
PTSVOX_SJ063_F_session1_mic_S_1-16_278.4_282.4,16,0.9999891490879236,2.53999999999999,2.5899999999999888,0.049999999999998934,PTSVOX_SJ063_F_session1_mic_S_1-16_278.4_282.4-255_2.53999999999999_2.5899999999999888_0.049999999999998934.wav
PTSVOX_SJ063_F_session1_mic_S_1-16_278.4_282.4,16,0.607685774564743,2.5499999999999896,2.5999999999999885,0.049999999999998934,PTSVOX_SJ063_F_session1_mic_S_1-16_278.4_282.4-256_2.5499999999999896_2.5999999999999885_0.049999999999998934.wav
PTSVOX_SJ063_F_session1_mic_S_1-16_278.4_282.4,16,0.06821972131729126,2.5599999999999894,2.6099999999999883,0.049999999999998934,PTSVOX_SJ063_F_session1_mic_S_1-16_278.4_282.4-257_2.5599999999999894_2.6099999999999883_0.049999999999998934.wav
PTSVOX_SJ063_F_session1_mic_S_1-16_278.4_282.4,16,0.4418308734893799,2.569999999999989,2.619999999999988,0.049999999999998934,PTSVOX_SJ063_F_session1_mic_S_1-16_278.4_282.4-258_2.569999999999989_2.619999999999988_0.049999999999998934.wav
PTSVOX_SJ063_F_session1_mic_S_1-16_278.4_282.4,16,0.9442344903945923,2.579999999999989,2.629999999999988,0.049999999999998934,PTSVOX_SJ063_F_session1_mic_S_1-16_278.4_282.4-259_2.579999999999989_2.629999999999988_0.049999999999998934.wav
PTSVOX_SJ063_F_session1_mic_S_1-16_278.4_282.4,16,0.9999982122576512,2.5899999999999888,2.6399999999999877,0.049999999999998934,PTSVOX_SJ063_F_session1_mic_S_1-16_278.4_282.4-260_2.5899999999999888_2.6399999999999877_0.049999999999998934.wav
PTSVOX_SJ063_F_session1_mic_S_1-16_278.4_282.4,16,0.9999999927412091,2.5999999999999885,2.6499999999999875,0.049999999999998934,PTSVOX_SJ063_F_session1_mic_S_1-16_278.4_282.4-261_2.5999999999999885_2.6499999999999875_0.049999999999998934.wav
PTSVOX_SJ063_F_session1_mic_S_1-16_278.4_282.4,16,0.9999993465917214,2.6099999999999883,2.6599999999999873,0.049999999999998934,PTSVOX_SJ063_F_session1_mic_S_1-16_278.4_282.4-262_2.6099999999999883_2.6599999999999873_0.049999999999998934.wav
PTSVOX_SJ063_F_session1_mic_S_1-16_278.4_282.4,16,0.9999077778265928,2.619999999999988,2.669999999999987,0.049999999999998934,PTSVOX_SJ063_F_session1_mic_S_1-16_278.4_282.4-263_2.619999999999988_2.669999999999987_0.049999999999998934.wav
PTSVOX_SJ063_F_session1_mic_S_1-16_278.4_282.4,16,0.9985026700887829,2.629999999999988,2.679999999999987,0.049999999999998934,PTSVOX_SJ063_F_session1_mic_S_1-16_278.4_282.4-264_2.629999999999988_2.679999999999987_0.049999999999998934.wav
PTSVOX_SJ063_F_session1_mic_S_1-16_278.4_282.4,16,0.9950078367255628,2.6399999999999877,2.6899999999999866,0.049999999999998934,PTSVOX_SJ063_F_session1_mic_S_1-16_278.4_282.4-265_2.6399999999999877_2.6899999999999866_0.049999999999998934.wav
PTSVOX_SJ063_F_session1_mic_S_1-16_278.4_282.4,16,0.009851515293121338,2.6499999999999875,2.6999999999999864,0.049999999999998934,PTSVOX_SJ063_F_session1_mic_S_1-16_278.4_282.4-266_2.6499999999999875_2.6999999999999864_0.049999999999998934.wav
PTSVOX_SJ063_F_session1_mic_S_1-16_278.4_282.4,16,0.0037238001823425293,2.6599999999999873,2.709999999999986,0.049999999999998934,PTSVOX_SJ063_F_session1_mic_S_1-16_278.4_282.4-267_2.6599999999999873_2.709999999999986_0.049999999999998934.wav
PTSVOX_SJ063_F_session1_mic_S_1-16_278.4_282.4,16,0.0,2.669999999999987,2.719999999999986,0.049999999999998934,PTSVOX_SJ063_F_session1_mic_S_1-16_278.4_282.4-268_2.669999999999987_2.719999999999986_0.049999999999998934.wav
PTSVOX_SJ063_F_session1_mic_S_1-16_278.4_282.4,16,1.0132789611816406e-05,2.679999999999987,2.7299999999999858,0.049999999999998934,PTSVOX_SJ063_F_session1_mic_S_1-16_278.4_282.4-269_2.679999999999987_2.7299999999999858_0.049999999999998934.wav
PTSVOX_SJ063_F_session1_mic_S_1-16_278.4_282.4,16,0.05141419172286987,2.6899999999999866,2.7399999999999856,0.049999999999998934,PTSVOX_SJ063_F_session1_mic_S_1-16_278.4_282.4-270_2.6899999999999866_2.7399999999999856_0.049999999999998934.wav
PTSVOX_SJ063_F_session1_mic_S_1-16_278.4_282.4,16,0.06080150604248047,2.6999999999999864,2.7499999999999853,0.049999999999998934,PTSVOX_SJ063_F_session1_mic_S_1-16_278.4_282.4-271_2.6999999999999864_2.7499999999999853_0.049999999999998934.wav
PTSVOX_SJ063_F_session1_mic_S_1-16_278.4_282.4,16,0.8841733485460281,2.709999999999986,2.759999999999985,0.049999999999998934,PTSVOX_SJ063_F_session1_mic_S_1-16_278.4_282.4-272_2.709999999999986_2.759999999999985_0.049999999999998934.wav
PTSVOX_SJ063_F_session1_mic_S_1-16_278.4_282.4,16,0.9992911362787709,2.719999999999986,2.769999999999985,0.049999999999998934,PTSVOX_SJ063_F_session1_mic_S_1-16_278.4_282.4-273_2.719999999999986_2.769999999999985_0.049999999999998934.wav
PTSVOX_SJ063_F_session1_mic_S_1-16_278.4_282.4,16,0.9995260128634982,2.7299999999999858,2.7799999999999847,0.049999999999998934,PTSVOX_SJ063_F_session1_mic_S_1-16_278.4_282.4-274_2.7299999999999858_2.7799999999999847_0.049999999999998934.wav
PTSVOX_SJ063_F_session1_mic_S_1-16_278.4_282.4,16,0.0007072687149047852,2.7399999999999856,2.7899999999999845,0.049999999999998934,PTSVOX_SJ063_F_session1_mic_S_1-16_278.4_282.4-275_2.7399999999999856_2.7899999999999845_0.049999999999998934.wav
PTSVOX_SJ063_F_session1_mic_S_1-16_278.4_282.4,16,0.7261674404144287,2.7499999999999853,2.7999999999999843,0.049999999999998934,PTSVOX_SJ063_F_session1_mic_S_1-16_278.4_282.4-276_2.7499999999999853_2.7999999999999843_0.049999999999998934.wav
PTSVOX_SJ063_F_session1_mic_S_1-16_278.4_282.4,16,5.960464477539063e-08,2.759999999999985,2.809999999999984,0.049999999999998934,PTSVOX_SJ063_F_session1_mic_S_1-16_278.4_282.4-277_2.759999999999985_2.809999999999984_0.049999999999998934.wav
PTSVOX_SJ063_F_session1_mic_S_1-16_278.4_282.4,16,0.0,2.769999999999985,2.819999999999984,0.049999999999998934,PTSVOX_SJ063_F_session1_mic_S_1-16_278.4_282.4-278_2.769999999999985_2.819999999999984_0.049999999999998934.wav
PTSVOX_SJ063_F_session1_mic_S_1-16_278.4_282.4,16,0.0,2.7799999999999847,2.8299999999999836,0.049999999999998934,PTSVOX_SJ063_F_session1_mic_S_1-16_278.4_282.4-279_2.7799999999999847_2.8299999999999836_0.049999999999998934.wav
PTSVOX_SJ063_F_session1_mic_S_1-16_278.4_282.4,16,4.112720489501953e-06,2.7899999999999845,2.8399999999999834,0.049999999999998934,PTSVOX_SJ063_F_session1_mic_S_1-16_278.4_282.4-280_2.7899999999999845_2.8399999999999834_0.049999999999998934.wav
PTSVOX_SJ063_F_session1_mic_S_1-16_278.4_282.4,16,0.28810763359069824,2.7999999999999843,2.849999999999983,0.049999999999998934,PTSVOX_SJ063_F_session1_mic_S_1-16_278.4_282.4-281_2.7999999999999843_2.849999999999983_0.049999999999998934.wav
PTSVOX_SJ063_F_session1_mic_S_1-16_278.4_282.4,16,0.9497635066509247,2.809999999999984,2.859999999999983,0.049999999999998934,PTSVOX_SJ063_F_session1_mic_S_1-16_278.4_282.4-282_2.809999999999984_2.859999999999983_0.049999999999998934.wav
PTSVOX_SJ063_F_session1_mic_S_1-16_278.4_282.4,16,0.5335503220558167,2.819999999999984,2.869999999999983,0.049999999999998934,PTSVOX_SJ063_F_session1_mic_S_1-16_278.4_282.4-283_2.819999999999984_2.869999999999983_0.049999999999998934.wav
PTSVOX_SJ063_F_session1_mic_S_1-16_278.4_282.4,16,0.0015391111373901367,2.8299999999999836,2.8799999999999826,0.049999999999998934,PTSVOX_SJ063_F_session1_mic_S_1-16_278.4_282.4-284_2.8299999999999836_2.8799999999999826_0.049999999999998934.wav
PTSVOX_SJ063_F_session1_mic_S_1-16_278.4_282.4,16,0.00012946128845214844,2.8399999999999834,2.8899999999999824,0.049999999999998934,PTSVOX_SJ063_F_session1_mic_S_1-16_278.4_282.4-285_2.8399999999999834_2.8899999999999824_0.049999999999998934.wav
PTSVOX_SJ063_F_session1_mic_S_1-16_278.4_282.4,16,0.01739400625228882,2.849999999999983,2.899999999999982,0.049999999999998934,PTSVOX_SJ063_F_session1_mic_S_1-16_278.4_282.4-286_2.849999999999983_2.899999999999982_0.049999999999998934.wav
PTSVOX_SJ063_F_session1_mic_S_1-16_278.4_282.4,16,0.9964460814371705,2.859999999999983,2.909999999999982,0.049999999999998934,PTSVOX_SJ063_F_session1_mic_S_1-16_278.4_282.4-287_2.859999999999983_2.909999999999982_0.049999999999998934.wav
PTSVOX_SJ063_F_session1_mic_S_1-16_278.4_282.4,16,0.9999501731690543,2.869999999999983,2.9199999999999817,0.049999999999998934,PTSVOX_SJ063_F_session1_mic_S_1-16_278.4_282.4-288_2.869999999999983_2.9199999999999817_0.049999999999998934.wav
PTSVOX_SJ063_F_session1_mic_S_1-16_278.4_282.4,16,0.9999431652468047,2.8799999999999826,2.9299999999999815,0.049999999999998934,PTSVOX_SJ063_F_session1_mic_S_1-16_278.4_282.4-289_2.8799999999999826_2.9299999999999815_0.049999999999998934.wav
PTSVOX_SJ063_F_session1_mic_S_1-16_278.4_282.4,16,0.9977025014813989,2.8899999999999824,2.9399999999999813,0.049999999999998934,PTSVOX_SJ063_F_session1_mic_S_1-16_278.4_282.4-290_2.8899999999999824_2.9399999999999813_0.049999999999998934.wav
PTSVOX_SJ063_F_session1_mic_S_1-16_278.4_282.4,16,0.9849985390901566,2.899999999999982,2.949999999999981,0.049999999999998934,PTSVOX_SJ063_F_session1_mic_S_1-16_278.4_282.4-291_2.899999999999982_2.949999999999981_0.049999999999998934.wav
PTSVOX_SJ063_F_session1_mic_S_1-16_278.4_282.4,16,0.9999985634299264,2.909999999999982,2.959999999999981,0.049999999999998934,PTSVOX_SJ063_F_session1_mic_S_1-16_278.4_282.4-292_2.909999999999982_2.959999999999981_0.049999999999998934.wav
PTSVOX_SJ063_F_session1_mic_S_1-16_278.4_282.4,16,0.9999980623774718,2.9199999999999817,2.9699999999999807,0.049999999999998934,PTSVOX_SJ063_F_session1_mic_S_1-16_278.4_282.4-293_2.9199999999999817_2.9699999999999807_0.049999999999998934.wav
PTSVOX_SJ063_F_session1_mic_S_1-16_278.4_282.4,16,0.9999987115579643,2.9299999999999815,2.9799999999999804,0.049999999999998934,PTSVOX_SJ063_F_session1_mic_S_1-16_278.4_282.4-294_2.9299999999999815_2.9799999999999804_0.049999999999998934.wav
PTSVOX_SJ063_F_session1_mic_S_1-16_278.4_282.4,16,0.9950793832540512,2.9399999999999813,2.9899999999999802,0.049999999999998934,PTSVOX_SJ063_F_session1_mic_S_1-16_278.4_282.4-295_2.9399999999999813_2.9899999999999802_0.049999999999998934.wav
PTSVOX_SJ063_F_session1_mic_S_1-16_278.4_282.4,16,0.9972630750853568,2.949999999999981,2.99999999999998,0.049999999999998934,PTSVOX_SJ063_F_session1_mic_S_1-16_278.4_282.4-296_2.949999999999981_2.99999999999998_0.049999999999998934.wav
PTSVOX_SJ063_F_session1_mic_S_1-16_278.4_282.4,16,0.7889356166124344,2.959999999999981,3.00999999999998,0.049999999999998934,PTSVOX_SJ063_F_session1_mic_S_1-16_278.4_282.4-297_2.959999999999981_3.00999999999998_0.049999999999998934.wav
PTSVOX_SJ063_F_session1_mic_S_1-16_278.4_282.4,16,0.5492528080940247,2.9699999999999807,3.0199999999999796,0.049999999999998934,PTSVOX_SJ063_F_session1_mic_S_1-16_278.4_282.4-298_2.9699999999999807_3.0199999999999796_0.049999999999998934.wav
PTSVOX_SJ063_F_session1_mic_S_1-16_278.4_282.4,16,0.7835182696580887,2.9799999999999804,3.0299999999999794,0.049999999999998934,PTSVOX_SJ063_F_session1_mic_S_1-16_278.4_282.4-299_2.9799999999999804_3.0299999999999794_0.049999999999998934.wav
PTSVOX_SJ063_F_session1_mic_S_1-16_278.4_282.4,16,0.8983238339424133,2.9899999999999802,3.039999999999979,0.049999999999998934,PTSVOX_SJ063_F_session1_mic_S_1-16_278.4_282.4-300_2.9899999999999802_3.039999999999979_0.049999999999998934.wav
PTSVOX_SJ063_F_session1_mic_S_1-16_278.4_282.4,16,0.925690695643425,2.99999999999998,3.049999999999979,0.049999999999998934,PTSVOX_SJ063_F_session1_mic_S_1-16_278.4_282.4-301_2.99999999999998_3.049999999999979_0.049999999999998934.wav
PTSVOX_SJ063_F_session1_mic_S_1-16_278.4_282.4,16,0.9920906545594335,3.00999999999998,3.0599999999999787,0.049999999999998934,PTSVOX_SJ063_F_session1_mic_S_1-16_278.4_282.4-302_3.00999999999998_3.0599999999999787_0.049999999999998934.wav
PTSVOX_SJ063_F_session1_mic_S_1-16_278.4_282.4,16,0.9973499386105686,3.0199999999999796,3.0699999999999785,0.049999999999998934,PTSVOX_SJ063_F_session1_mic_S_1-16_278.4_282.4-303_3.0199999999999796_3.0699999999999785_0.049999999999998934.wav
PTSVOX_SJ063_F_session1_mic_S_1-16_278.4_282.4,16,0.9998656288225902,3.0299999999999794,3.0799999999999783,0.049999999999998934,PTSVOX_SJ063_F_session1_mic_S_1-16_278.4_282.4-304_3.0299999999999794_3.0799999999999783_0.049999999999998934.wav
PTSVOX_SJ063_F_session1_mic_S_1-16_278.4_282.4,16,0.9998915795076755,3.039999999999979,3.089999999999978,0.049999999999998934,PTSVOX_SJ063_F_session1_mic_S_1-16_278.4_282.4-305_3.039999999999979_3.089999999999978_0.049999999999998934.wav
PTSVOX_SJ063_F_session1_mic_S_1-16_278.4_282.4,16,0.9998407299135579,3.049999999999979,3.099999999999978,0.049999999999998934,PTSVOX_SJ063_F_session1_mic_S_1-16_278.4_282.4-306_3.049999999999979_3.099999999999978_0.049999999999998934.wav
PTSVOX_SJ063_F_session1_mic_S_1-16_278.4_282.4,16,0.7658092528581619,3.0599999999999787,3.1099999999999777,0.049999999999998934,PTSVOX_SJ063_F_session1_mic_S_1-16_278.4_282.4-307_3.0599999999999787_3.1099999999999777_0.049999999999998934.wav
PTSVOX_SJ063_F_session1_mic_S_1-16_278.4_282.4,16,0.20228028297424316,3.0699999999999785,3.1199999999999775,0.049999999999998934,PTSVOX_SJ063_F_session1_mic_S_1-16_278.4_282.4-308_3.0699999999999785_3.1199999999999775_0.049999999999998934.wav
PTSVOX_SJ063_F_session1_mic_S_1-16_278.4_282.4,16,0.0,3.0799999999999783,3.1299999999999772,0.049999999999998934,PTSVOX_SJ063_F_session1_mic_S_1-16_278.4_282.4-309_3.0799999999999783_3.1299999999999772_0.049999999999998934.wav
PTSVOX_SJ063_F_session1_mic_S_1-16_278.4_282.4,16,0.0,3.089999999999978,3.139999999999977,0.049999999999998934,PTSVOX_SJ063_F_session1_mic_S_1-16_278.4_282.4-310_3.089999999999978_3.139999999999977_0.049999999999998934.wav
PTSVOX_SJ063_F_session1_mic_S_1-16_278.4_282.4,16,0.05430322885513306,3.099999999999978,3.149999999999977,0.049999999999998934,PTSVOX_SJ063_F_session1_mic_S_1-16_278.4_282.4-311_3.099999999999978_3.149999999999977_0.049999999999998934.wav
PTSVOX_SJ063_F_session1_mic_S_1-16_278.4_282.4,16,0.1687822937965393,3.1099999999999777,3.1599999999999766,0.049999999999998934,PTSVOX_SJ063_F_session1_mic_S_1-16_278.4_282.4-312_3.1099999999999777_3.1599999999999766_0.049999999999998934.wav
PTSVOX_SJ063_F_session1_mic_S_1-16_278.4_282.4,16,0.12317568063735962,3.1199999999999775,3.1699999999999764,0.049999999999998934,PTSVOX_SJ063_F_session1_mic_S_1-16_278.4_282.4-313_3.1199999999999775_3.1699999999999764_0.049999999999998934.wav
PTSVOX_SJ063_F_session1_mic_S_1-16_278.4_282.4,16,0.021873772144317627,3.1299999999999772,3.179999999999976,0.049999999999998934,PTSVOX_SJ063_F_session1_mic_S_1-16_278.4_282.4-314_3.1299999999999772_3.179999999999976_0.049999999999998934.wav
PTSVOX_SJ063_F_session1_mic_S_1-16_278.4_282.4,16,0.5984359681606293,3.139999999999977,3.189999999999976,0.049999999999998934,PTSVOX_SJ063_F_session1_mic_S_1-16_278.4_282.4-315_3.139999999999977_3.189999999999976_0.049999999999998934.wav
PTSVOX_SJ063_F_session1_mic_S_1-16_278.4_282.4,16,0.9382746815681458,3.149999999999977,3.1999999999999758,0.049999999999998934,PTSVOX_SJ063_F_session1_mic_S_1-16_278.4_282.4-316_3.149999999999977_3.1999999999999758_0.049999999999998934.wav
PTSVOX_SJ063_F_session1_mic_S_1-16_278.4_282.4,16,0.9980604330776259,3.1599999999999766,3.2099999999999755,0.049999999999998934,PTSVOX_SJ063_F_session1_mic_S_1-16_278.4_282.4-317_3.1599999999999766_3.2099999999999755_0.049999999999998934.wav
PTSVOX_SJ063_F_session1_mic_S_1-16_278.4_282.4,16,0.7027773857116699,3.1699999999999764,3.2199999999999753,0.049999999999998934,PTSVOX_SJ063_F_session1_mic_S_1-16_278.4_282.4-318_3.1699999999999764_3.2199999999999753_0.049999999999998934.wav
PTSVOX_SJ063_F_session1_mic_S_1-16_278.4_282.4,16,0.9208642393350601,3.179999999999976,3.229999999999975,0.049999999999998934,PTSVOX_SJ063_F_session1_mic_S_1-16_278.4_282.4-319_3.179999999999976_3.229999999999975_0.049999999999998934.wav
PTSVOX_SJ063_F_session1_mic_S_1-16_278.4_282.4,16,0.6936155259609222,3.189999999999976,3.239999999999975,0.049999999999998934,PTSVOX_SJ063_F_session1_mic_S_1-16_278.4_282.4-320_3.189999999999976_3.239999999999975_0.049999999999998934.wav
PTSVOX_SJ063_F_session1_mic_S_1-16_278.4_282.4,16,0.39994561672210693,3.1999999999999758,3.2499999999999747,0.049999999999998934,PTSVOX_SJ063_F_session1_mic_S_1-16_278.4_282.4-321_3.1999999999999758_3.2499999999999747_0.049999999999998934.wav
PTSVOX_SJ063_F_session1_mic_S_1-16_278.4_282.4,16,0.12598371505737305,3.2099999999999755,3.2599999999999745,0.049999999999998934,PTSVOX_SJ063_F_session1_mic_S_1-16_278.4_282.4-322_3.2099999999999755_3.2599999999999745_0.049999999999998934.wav
PTSVOX_SJ063_F_session1_mic_S_1-16_278.4_282.4,16,0.16004812717437744,3.2199999999999753,3.2699999999999743,0.049999999999998934,PTSVOX_SJ063_F_session1_mic_S_1-16_278.4_282.4-323_3.2199999999999753_3.2699999999999743_0.049999999999998934.wav
PTSVOX_SJ063_F_session1_mic_S_1-16_278.4_282.4,16,0.19161880016326904,3.229999999999975,3.279999999999974,0.049999999999998934,PTSVOX_SJ063_F_session1_mic_S_1-16_278.4_282.4-324_3.229999999999975_3.279999999999974_0.049999999999998934.wav
PTSVOX_SJ063_F_session1_mic_S_1-16_278.4_282.4,16,0.7296947240829468,3.239999999999975,3.289999999999974,0.049999999999998934,PTSVOX_SJ063_F_session1_mic_S_1-16_278.4_282.4-325_3.239999999999975_3.289999999999974_0.049999999999998934.wav
PTSVOX_SJ063_F_session1_mic_S_1-16_278.4_282.4,16,0.8739123940467834,3.2499999999999747,3.2999999999999736,0.049999999999998934,PTSVOX_SJ063_F_session1_mic_S_1-16_278.4_282.4-326_3.2499999999999747_3.2999999999999736_0.049999999999998934.wav
PTSVOX_SJ063_F_session1_mic_S_1-16_278.4_282.4,16,0.6668596267700195,3.2599999999999745,3.3099999999999734,0.049999999999998934,PTSVOX_SJ063_F_session1_mic_S_1-16_278.4_282.4-327_3.2599999999999745_3.3099999999999734_0.049999999999998934.wav
PTSVOX_SJ063_F_session1_mic_S_1-16_278.4_282.4,16,0.4909977912902832,3.2699999999999743,3.319999999999973,0.049999999999998934,PTSVOX_SJ063_F_session1_mic_S_1-16_278.4_282.4-328_3.2699999999999743_3.319999999999973_0.049999999999998934.wav
PTSVOX_SJ063_F_session1_mic_S_1-16_278.4_282.4,16,0.8245913684368134,3.279999999999974,3.329999999999973,0.049999999999998934,PTSVOX_SJ063_F_session1_mic_S_1-16_278.4_282.4-329_3.279999999999974_3.329999999999973_0.049999999999998934.wav
PTSVOX_SJ063_F_session1_mic_S_1-16_278.4_282.4,16,0.9232436716556549,3.289999999999974,3.3399999999999728,0.049999999999998934,PTSVOX_SJ063_F_session1_mic_S_1-16_278.4_282.4-330_3.289999999999974_3.3399999999999728_0.049999999999998934.wav
PTSVOX_SJ063_F_session1_mic_S_1-16_278.4_282.4,16,0.4075276851654053,3.2999999999999736,3.3499999999999726,0.049999999999998934,PTSVOX_SJ063_F_session1_mic_S_1-16_278.4_282.4-331_3.2999999999999736_3.3499999999999726_0.049999999999998934.wav
PTSVOX_SJ063_F_session1_mic_S_1-16_278.4_282.4,16,0.8400950282812119,3.3099999999999734,3.3599999999999723,0.049999999999998934,PTSVOX_SJ063_F_session1_mic_S_1-16_278.4_282.4-332_3.3099999999999734_3.3599999999999723_0.049999999999998934.wav
PTSVOX_SJ063_F_session1_mic_S_1-16_278.4_282.4,16,0.9879235941916704,3.319999999999973,3.369999999999972,0.049999999999998934,PTSVOX_SJ063_F_session1_mic_S_1-16_278.4_282.4-333_3.319999999999973_3.369999999999972_0.049999999999998934.wav
PTSVOX_SJ063_F_session1_mic_S_1-16_278.4_282.4,16,0.7277110517024994,3.329999999999973,3.379999999999972,0.049999999999998934,PTSVOX_SJ063_F_session1_mic_S_1-16_278.4_282.4-334_3.329999999999973_3.379999999999972_0.049999999999998934.wav
PTSVOX_SJ063_F_session1_mic_S_1-16_278.4_282.4,16,0.6024530827999115,3.3399999999999728,3.3899999999999717,0.049999999999998934,PTSVOX_SJ063_F_session1_mic_S_1-16_278.4_282.4-335_3.3399999999999728_3.3899999999999717_0.049999999999998934.wav
PTSVOX_SJ063_F_session1_mic_S_1-16_278.4_282.4,16,0.06007331609725952,3.3499999999999726,3.3999999999999715,0.049999999999998934,PTSVOX_SJ063_F_session1_mic_S_1-16_278.4_282.4-336_3.3499999999999726_3.3999999999999715_0.049999999999998934.wav
PTSVOX_SJ063_F_session1_mic_S_1-16_278.4_282.4,16,0.34203851222991943,3.3599999999999723,3.4099999999999713,0.049999999999998934,PTSVOX_SJ063_F_session1_mic_S_1-16_278.4_282.4-337_3.3599999999999723_3.4099999999999713_0.049999999999998934.wav
PTSVOX_SJ063_F_session1_mic_S_1-16_278.4_282.4,16,0.31839215755462646,3.369999999999972,3.419999999999971,0.049999999999998934,PTSVOX_SJ063_F_session1_mic_S_1-16_278.4_282.4-338_3.369999999999972_3.419999999999971_0.049999999999998934.wav
PTSVOX_SJ063_F_session1_mic_S_1-16_278.4_282.4,16,0.12222033739089966,3.379999999999972,3.429999999999971,0.049999999999998934,PTSVOX_SJ063_F_session1_mic_S_1-16_278.4_282.4-339_3.379999999999972_3.429999999999971_0.049999999999998934.wav
PTSVOX_SJ063_F_session1_mic_S_1-16_278.4_282.4,16,0.025493621826171875,3.3899999999999717,3.4399999999999706,0.049999999999998934,PTSVOX_SJ063_F_session1_mic_S_1-16_278.4_282.4-340_3.3899999999999717_3.4399999999999706_0.049999999999998934.wav
PTSVOX_SJ063_F_session1_mic_S_1-16_278.4_282.4,16,0.001627504825592041,3.3999999999999715,3.4499999999999704,0.049999999999998934,PTSVOX_SJ063_F_session1_mic_S_1-16_278.4_282.4-341_3.3999999999999715_3.4499999999999704_0.049999999999998934.wav
PTSVOX_SJ063_F_session1_mic_S_1-16_278.4_282.4,16,0.00018137693405151367,3.4099999999999713,3.45999999999997,0.049999999999998934,PTSVOX_SJ063_F_session1_mic_S_1-16_278.4_282.4-342_3.4099999999999713_3.45999999999997_0.049999999999998934.wav
PTSVOX_SJ063_F_session1_mic_S_1-16_278.4_282.4,16,0.0012338757514953613,3.419999999999971,3.46999999999997,0.049999999999998934,PTSVOX_SJ063_F_session1_mic_S_1-16_278.4_282.4-343_3.419999999999971_3.46999999999997_0.049999999999998934.wav
PTSVOX_SJ063_F_session1_mic_S_1-16_278.4_282.4,16,3.618001937866211e-05,3.429999999999971,3.47999999999997,0.049999999999998934,PTSVOX_SJ063_F_session1_mic_S_1-16_278.4_282.4-344_3.429999999999971_3.47999999999997_0.049999999999998934.wav
PTSVOX_SJ063_F_session1_mic_S_1-16_278.4_282.4,16,0.2992405891418457,3.4399999999999706,3.4899999999999696,0.049999999999998934,PTSVOX_SJ063_F_session1_mic_S_1-16_278.4_282.4-345_3.4399999999999706_3.4899999999999696_0.049999999999998934.wav
PTSVOX_SJ063_F_session1_mic_S_1-16_278.4_282.4,16,0.991315808147192,3.4499999999999704,3.4999999999999694,0.049999999999998934,PTSVOX_SJ063_F_session1_mic_S_1-16_278.4_282.4-346_3.4499999999999704_3.4999999999999694_0.049999999999998934.wav
PTSVOX_SJ063_F_session1_mic_S_1-16_278.4_282.4,16,0.5014419257640839,3.45999999999997,3.509999999999969,0.049999999999998934,PTSVOX_SJ063_F_session1_mic_S_1-16_278.4_282.4-347_3.45999999999997_3.509999999999969_0.049999999999998934.wav
PTSVOX_SJ063_F_session1_mic_S_1-16_278.4_282.4,16,0.9548155926167965,3.46999999999997,3.519999999999969,0.049999999999998934,PTSVOX_SJ063_F_session1_mic_S_1-16_278.4_282.4-348_3.46999999999997_3.519999999999969_0.049999999999998934.wav
PTSVOX_SJ063_F_session1_mic_S_1-16_278.4_282.4,16,0.9892669171094894,3.47999999999997,3.5299999999999687,0.049999999999998934,PTSVOX_SJ063_F_session1_mic_S_1-16_278.4_282.4-349_3.47999999999997_3.5299999999999687_0.049999999999998934.wav
PTSVOX_SJ063_F_session1_mic_S_1-16_278.4_282.4,16,0.9992392538697459,3.4899999999999696,3.5399999999999685,0.049999999999998934,PTSVOX_SJ063_F_session1_mic_S_1-16_278.4_282.4-350_3.4899999999999696_3.5399999999999685_0.049999999999998934.wav
PTSVOX_SJ063_F_session1_mic_S_1-16_278.4_282.4,16,0.5929327607154846,3.4999999999999694,3.5499999999999683,0.049999999999998934,PTSVOX_SJ063_F_session1_mic_S_1-16_278.4_282.4-351_3.4999999999999694_3.5499999999999683_0.049999999999998934.wav
PTSVOX_SJ063_F_session1_mic_S_1-16_278.4_282.4,16,0.9990037790266797,3.509999999999969,3.559999999999968,0.049999999999998934,PTSVOX_SJ063_F_session1_mic_S_1-16_278.4_282.4-352_3.509999999999969_3.559999999999968_0.049999999999998934.wav
PTSVOX_SJ063_F_session1_mic_S_1-16_278.4_282.4,16,0.9932956327684224,3.519999999999969,3.569999999999968,0.049999999999998934,PTSVOX_SJ063_F_session1_mic_S_1-16_278.4_282.4-353_3.519999999999969_3.569999999999968_0.049999999999998934.wav
PTSVOX_SJ063_F_session1_mic_S_1-16_278.4_282.4,16,0.9999818322776264,3.5299999999999687,3.5799999999999677,0.049999999999998934,PTSVOX_SJ063_F_session1_mic_S_1-16_278.4_282.4-354_3.5299999999999687_3.5799999999999677_0.049999999999998934.wav
PTSVOX_SJ063_F_session1_mic_S_1-16_278.4_282.4,16,0.9996419410745148,3.5399999999999685,3.5899999999999674,0.049999999999998934,PTSVOX_SJ063_F_session1_mic_S_1-16_278.4_282.4-355_3.5399999999999685_3.5899999999999674_0.049999999999998934.wav
PTSVOX_SJ063_F_session1_mic_S_1-16_278.4_282.4,16,0.9999870861520321,3.5499999999999683,3.5999999999999672,0.049999999999998934,PTSVOX_SJ063_F_session1_mic_S_1-16_278.4_282.4-356_3.5499999999999683_3.5999999999999672_0.049999999999998934.wav
PTSVOX_SJ063_F_session1_mic_S_1-16_278.4_282.4,16,0.9999978012963311,3.559999999999968,3.609999999999967,0.049999999999998934,PTSVOX_SJ063_F_session1_mic_S_1-16_278.4_282.4-357_3.559999999999968_3.609999999999967_0.049999999999998934.wav
PTSVOX_SJ063_F_session1_mic_S_1-16_278.4_282.4,16,0.999977190300342,3.569999999999968,3.619999999999967,0.049999999999998934,PTSVOX_SJ063_F_session1_mic_S_1-16_278.4_282.4-358_3.569999999999968_3.619999999999967_0.049999999999998934.wav
PTSVOX_SJ063_F_session1_mic_S_1-16_278.4_282.4,16,0.9851604215800762,3.5799999999999677,3.6299999999999666,0.049999999999998934,PTSVOX_SJ063_F_session1_mic_S_1-16_278.4_282.4-359_3.5799999999999677_3.6299999999999666_0.049999999999998934.wav
PTSVOX_SJ063_F_session1_mic_S_1-16_278.4_282.4,16,0.9999950787437228,3.5899999999999674,3.6399999999999664,0.049999999999998934,PTSVOX_SJ063_F_session1_mic_S_1-16_278.4_282.4-360_3.5899999999999674_3.6399999999999664_0.049999999999998934.wav
PTSVOX_SJ063_F_session1_mic_S_1-16_278.4_282.4,16,0.9999974585282416,3.5999999999999672,3.649999999999966,0.049999999999998934,PTSVOX_SJ063_F_session1_mic_S_1-16_278.4_282.4-361_3.5999999999999672_3.649999999999966_0.049999999999998934.wav
PTSVOX_SJ063_F_session1_mic_S_1-16_278.4_282.4,16,0.9993120183935389,3.609999999999967,3.659999999999966,0.049999999999998934,PTSVOX_SJ063_F_session1_mic_S_1-16_278.4_282.4-362_3.609999999999967_3.659999999999966_0.049999999999998934.wav
PTSVOX_SJ063_F_session1_mic_S_1-16_278.4_282.4,16,0.9998370064276969,3.619999999999967,3.6699999999999657,0.049999999999998934,PTSVOX_SJ063_F_session1_mic_S_1-16_278.4_282.4-363_3.619999999999967_3.6699999999999657_0.049999999999998934.wav
PTSVOX_SJ063_F_session1_mic_S_1-16_278.4_282.4,16,0.9999998982569167,3.6299999999999666,3.6799999999999655,0.049999999999998934,PTSVOX_SJ063_F_session1_mic_S_1-16_278.4_282.4-364_3.6299999999999666_3.6799999999999655_0.049999999999998934.wav
PTSVOX_SJ063_F_session1_mic_S_1-16_278.4_282.4,16,0.9999916705946816,3.6399999999999664,3.6899999999999653,0.049999999999998934,PTSVOX_SJ063_F_session1_mic_S_1-16_278.4_282.4-365_3.6399999999999664_3.6899999999999653_0.049999999999998934.wav
PTSVOX_SJ063_F_session1_mic_S_1-16_278.4_282.4,16,0.9999480493752344,3.649999999999966,3.699999999999965,0.049999999999998934,PTSVOX_SJ063_F_session1_mic_S_1-16_278.4_282.4-366_3.649999999999966_3.699999999999965_0.049999999999998934.wav
PTSVOX_SJ063_F_session1_mic_S_1-16_278.4_282.4,16,0.9996881810075138,3.659999999999966,3.709999999999965,0.049999999999998934,PTSVOX_SJ063_F_session1_mic_S_1-16_278.4_282.4-367_3.659999999999966_3.709999999999965_0.049999999999998934.wav
PTSVOX_SJ063_F_session1_mic_S_1-16_278.4_282.4,16,0.9438562095165253,3.6699999999999657,3.7199999999999647,0.049999999999998934,PTSVOX_SJ063_F_session1_mic_S_1-16_278.4_282.4-368_3.6699999999999657_3.7199999999999647_0.049999999999998934.wav
PTSVOX_SJ063_F_session1_mic_S_1-16_278.4_282.4,16,0.7993998825550079,3.6799999999999655,3.7299999999999645,0.049999999999998934,PTSVOX_SJ063_F_session1_mic_S_1-16_278.4_282.4-369_3.6799999999999655_3.7299999999999645_0.049999999999998934.wav
PTSVOX_SJ063_F_session1_mic_S_1-16_278.4_282.4,16,0.03461819887161255,3.6899999999999653,3.7399999999999642,0.049999999999998934,PTSVOX_SJ063_F_session1_mic_S_1-16_278.4_282.4-370_3.6899999999999653_3.7399999999999642_0.049999999999998934.wav
PTSVOX_SJ063_F_session1_mic_S_1-16_278.4_282.4,16,0.8952116295695305,3.699999999999965,3.749999999999964,0.049999999999998934,PTSVOX_SJ063_F_session1_mic_S_1-16_278.4_282.4-371_3.699999999999965_3.749999999999964_0.049999999999998934.wav
PTSVOX_SJ063_F_session1_mic_S_1-16_278.4_282.4,16,0.32481682300567627,3.709999999999965,3.759999999999964,0.049999999999998934,PTSVOX_SJ063_F_session1_mic_S_1-16_278.4_282.4-372_3.709999999999965_3.759999999999964_0.049999999999998934.wav
PTSVOX_SJ063_F_session1_mic_S_1-16_278.4_282.4,16,0.07943511009216309,3.7199999999999647,3.7699999999999636,0.049999999999998934,PTSVOX_SJ063_F_session1_mic_S_1-16_278.4_282.4-373_3.7199999999999647_3.7699999999999636_0.049999999999998934.wav
PTSVOX_SJ063_F_session1_mic_S_1-16_278.4_282.4,16,0.3617359399795532,3.7299999999999645,3.7799999999999634,0.049999999999998934,PTSVOX_SJ063_F_session1_mic_S_1-16_278.4_282.4-374_3.7299999999999645_3.7799999999999634_0.049999999999998934.wav
PTSVOX_SJ063_F_session1_mic_S_1-16_278.4_282.4,16,0.6754729151725769,3.7399999999999642,3.789999999999963,0.049999999999998934,PTSVOX_SJ063_F_session1_mic_S_1-16_278.4_282.4-375_3.7399999999999642_3.789999999999963_0.049999999999998934.wav
PTSVOX_SJ063_F_session1_mic_S_1-16_278.4_282.4,16,0.0015827417373657227,3.749999999999964,3.799999999999963,0.049999999999998934,PTSVOX_SJ063_F_session1_mic_S_1-16_278.4_282.4-376_3.749999999999964_3.799999999999963_0.049999999999998934.wav
PTSVOX_SJ063_F_session1_mic_S_1-16_278.4_282.4,16,0.02957630157470703,3.759999999999964,3.8099999999999627,0.049999999999998934,PTSVOX_SJ063_F_session1_mic_S_1-16_278.4_282.4-377_3.759999999999964_3.8099999999999627_0.049999999999998934.wav
PTSVOX_SJ063_F_session1_mic_S_1-16_278.4_282.4,16,0.020662784576416016,3.7699999999999636,3.8199999999999625,0.049999999999998934,PTSVOX_SJ063_F_session1_mic_S_1-16_278.4_282.4-378_3.7699999999999636_3.8199999999999625_0.049999999999998934.wav
PTSVOX_SJ063_F_session1_mic_S_1-16_278.4_282.4,16,0.0013852119445800781,3.7799999999999634,3.8299999999999623,0.049999999999998934,PTSVOX_SJ063_F_session1_mic_S_1-16_278.4_282.4-379_3.7799999999999634_3.8299999999999623_0.049999999999998934.wav
PTSVOX_SJ063_F_session1_mic_S_1-16_278.4_282.4,16,5.960464477539063e-08,3.789999999999963,3.839999999999962,0.049999999999998934,PTSVOX_SJ063_F_session1_mic_S_1-16_278.4_282.4-380_3.789999999999963_3.839999999999962_0.049999999999998934.wav
PTSVOX_SJ063_F_session1_mic_S_1-16_278.4_282.4,16,0.0,3.799999999999963,3.849999999999962,0.049999999999998934,PTSVOX_SJ063_F_session1_mic_S_1-16_278.4_282.4-381_3.799999999999963_3.849999999999962_0.049999999999998934.wav
PTSVOX_SJ063_F_session1_mic_S_1-16_278.4_282.4,16,0.0015302300453186035,3.8099999999999627,3.8599999999999617,0.049999999999998934,PTSVOX_SJ063_F_session1_mic_S_1-16_278.4_282.4-382_3.8099999999999627_3.8599999999999617_0.049999999999998934.wav
PTSVOX_SJ063_F_session1_mic_S_1-16_278.4_282.4,16,5.960464477539063e-08,3.8199999999999625,3.8699999999999615,0.049999999999998934,PTSVOX_SJ063_F_session1_mic_S_1-16_278.4_282.4-383_3.8199999999999625_3.8699999999999615_0.049999999999998934.wav
PTSVOX_SJ063_F_session1_mic_S_1-16_278.4_282.4,16,0.0032733678817749023,3.8299999999999623,3.8799999999999613,0.049999999999998934,PTSVOX_SJ063_F_session1_mic_S_1-16_278.4_282.4-384_3.8299999999999623_3.8799999999999613_0.049999999999998934.wav
PTSVOX_SJ063_F_session1_mic_S_1-16_278.4_282.4,16,0.008181989192962646,3.839999999999962,3.889999999999961,0.049999999999998934,PTSVOX_SJ063_F_session1_mic_S_1-16_278.4_282.4-385_3.839999999999962_3.889999999999961_0.049999999999998934.wav
PTSVOX_SJ063_F_session1_mic_S_1-16_278.4_282.4,16,0.2201743721961975,3.849999999999962,3.899999999999961,0.049999999999998934,PTSVOX_SJ063_F_session1_mic_S_1-16_278.4_282.4-386_3.849999999999962_3.899999999999961_0.049999999999998934.wav
PTSVOX_SJ063_F_session1_mic_S_1-16_278.4_282.4,16,0.6671537458896637,3.8599999999999617,3.9099999999999606,0.049999999999998934,PTSVOX_SJ063_F_session1_mic_S_1-16_278.4_282.4-387_3.8599999999999617_3.9099999999999606_0.049999999999998934.wav
PTSVOX_SJ063_F_session1_mic_S_1-16_278.4_282.4,16,0.9965683731716126,3.8699999999999615,3.9199999999999604,0.049999999999998934,PTSVOX_SJ063_F_session1_mic_S_1-16_278.4_282.4-388_3.8699999999999615_3.9199999999999604_0.049999999999998934.wav
PTSVOX_SJ063_F_session1_mic_S_1-16_278.4_282.4,16,0.99999755322483,3.8799999999999613,3.92999999999996,0.049999999999998934,PTSVOX_SJ063_F_session1_mic_S_1-16_278.4_282.4-389_3.8799999999999613_3.92999999999996_0.049999999999998934.wav
PTSVOX_SJ063_F_session1_mic_S_1-16_278.4_282.4,16,0.9999997004829879,3.889999999999961,3.93999999999996,0.049999999999998934,PTSVOX_SJ063_F_session1_mic_S_1-16_278.4_282.4-390_3.889999999999961_3.93999999999996_0.049999999999998934.wav
PTSVOX_SJ063_F_session1_mic_S_1-16_278.4_282.4,16,0.9999998161621448,3.899999999999961,3.9499999999999598,0.049999999999998934,PTSVOX_SJ063_F_session1_mic_S_1-16_278.4_282.4-391_3.899999999999961_3.9499999999999598_0.049999999999998934.wav
PTSVOX_SJ063_F_session1_mic_S_1-16_278.4_282.4,16,0.9999999937143973,3.9099999999999606,3.9599999999999596,0.049999999999998934,PTSVOX_SJ063_F_session1_mic_S_1-16_278.4_282.4-392_3.9099999999999606_3.9599999999999596_0.049999999999998934.wav
PTSVOX_SJ063_F_session1_mic_S_1-16_278.4_282.4,16,0.9999997099914424,3.9199999999999604,3.9699999999999593,0.049999999999998934,PTSVOX_SJ063_F_session1_mic_S_1-16_278.4_282.4-393_3.9199999999999604_3.9699999999999593_0.049999999999998934.wav
PTSVOX_SJ063_F_session1_mic_S_1-16_278.4_282.4,16,0.999999847294788,3.92999999999996,3.979999999999959,0.049999999999998934,PTSVOX_SJ063_F_session1_mic_S_1-16_278.4_282.4-394_3.92999999999996_3.979999999999959_0.049999999999998934.wav
PTSVOX_SJ063_F_session1_mic_S_1-16_278.4_282.4,16,0.9940932970494032,3.93999999999996,3.989999999999959,0.049999999999998934,PTSVOX_SJ063_F_session1_mic_S_1-16_278.4_282.4-395_3.93999999999996_3.989999999999959_0.049999999999998934.wav
PTSVOX_SJ063_F_session1_mic_S_1-16_278.4_282.4,16,0.9999997607042417,3.9499999999999598,3.9999999999999587,0.049999999999998934,PTSVOX_SJ063_F_session1_mic_S_1-16_278.4_282.4-396_3.9499999999999598_3.9999999999999587_0.049999999999998934.wav
PTSVOX_SJ063_F_session1_mic_S_1-16_278.4_282.4,16,0.7159200608730316,3.9599999999999596,4,0.04999999999999938,PTSVOX_SJ063_F_session1_mic_S_1-16_278.4_282.4-397_3.9599999999999596_4_0.04999999999999938.wav
